product_id,product (brand),type,length,depth,width,category,sub_category
P0000,"	serum	 (Livon)",Indian & Exotic Herbs,5,20,12,Fruits & Vegetables,Herbs & Seasonings
P0001,"hand wash -	 moisture Shield (Savlon)",Hair Oil & Serum,13.5,22,20,Beauty & Hygiene,Hair Care
P0002,"good 		day butter Cookies (Britannia)",Hand Wash & Sanitizers,22,40,22,Beauty & Hygiene,Bath & Hand Wash
P0004,"Happy 		Happy Choco-Chip Cookies (Parle)",Cookies,2,13,4,Snacks & Branded Foods,Biscuits & Cookies
P0005, 50-50 Timepass salted biscuits (Britannia),Glucose & Milk Biscuits,16,30,16,Snacks & Branded Foods,Biscuits & Cookies
P0006, tiger Elaichi Cream Biscuits (Britannia),Salted Biscuits,8.5,15,15,Snacks & Branded Foods,Biscuits & Cookies
P0007,"bounce 	Biscuits - Choco Creme (Sunfeast)",Glucose & Milk Biscuits,2,22,9.5,Snacks & Branded Foods,Biscuits & Cookies
P0008,50-50 Timepass Biscuits (Britannia),Cream Biscuits & Wafers,5,16,5,Snacks & Branded Foods,Biscuits & Cookies
P0009,Tiger Chocolate Cream Biscuits (Britannia),Salted Biscuits,5,18,14,Snacks & Branded Foods,Biscuits & Cookies
P0010,Biscuits - Magix Kreams Choc (Parle),Cream Biscuits & Wafers,2,22,3,Snacks & Branded Foods,Biscuits & Cookies
P0011,Dreams Cup Cake - Choco (Elite),Cream Biscuits & Wafers,9,22,15,Snacks & Branded Foods,Biscuits & Cookies
P0012,Layer Cake - Chocolate (Winkies),Muffins & Cup Cakes,10,20,12.3,"Bakery, Cakes & Dairy",Cakes & Pastries
P0013,Layer Cake - Orange (Winkies),Tea Cakes & Slice Cakes,7.1,27.5,13.7,"Bakery, Cakes & Dairy",Cakes & Pastries
P0014,Sugar Coated Chocolate (Cadbury Gems),Tea Cakes & Slice Cakes,32.5,6,33,"Bakery, Cakes & Dairy",Cakes & Pastries
P0015,Cadbury Perk - Chocolate Bar (Cadbury),Chocolates,10,33,10,Snacks & Branded Foods,Chocolates & Candies
P0016,Polo - The Mint With The Hole (Nestle ),Chocolates,2,18,8,Snacks & Branded Foods,Chocolates & Candies
P0017,Orbit Sugar-Free Chewing Gum - Lemon & Lime (Wrigleys),"Toffee, Candy & Lollypop",8,28,8,Snacks & Branded Foods,Chocolates & Candies
P0018,Sugar Free Chewing Gum - Mixed Fruit (Orbit),Mints & Chewing Gum,1,14,11,Snacks & Branded Foods,Chocolates & Candies
P0019,Chewing Gum - Peppermint (Doublemint),Mints & Chewing Gum,1.5,42,32,Snacks & Branded Foods,Chocolates & Candies
P0020,"Tomato - Local, Organically Grown (Fresho)",Mints & Chewing Gum,5,28,16,Snacks & Branded Foods,Chocolates & Candies
P0021,"Tomato - Local, Organically Grown (Fresho)",Organic Vegetables,8,26,23,Fruits & Vegetables,Fresh Vegetables
P0022,Marie Light Biscuits - Active (Sunfeast),Organic Vegetables,5.7,18.6,10.1,Fruits & Vegetables,Organic Fruits & Vegetables
P0023,Fulltoss Thai Sriracha (Parle),Breakfast & Snack Mixes,1,1,1,Snacks & Branded Foods,Ready To Cook & Eat
P0024,Fulltoss Tangy Tomato (Parle),Nachos & Chips,1,23,16,Gourmet & World Food,"Snacks, Dry Fruits, Nuts"
P0025,Exam Standard Scale (Camlin),Nachos & Chips,33,6,20,Gourmet & World Food,"Snacks, Dry Fruits, Nuts"
P0026,Dish Shine Bar (Exo),Exam Pads & Pencil Box,4,22,16,Cleaning & Household,Stationery
P0027,Marigold Flower - Orange (Fresho),Dishwash Bars & Powders,5,28,16,Cleaning & Household,Detergents & Dishwash
P0028,Tomato - Green (Fresho),Marigold,3.4,11.3,12,Fruits & Vegetables,"Flower Bouquets, Bunches"
P0029,"Chilli - Green, Organically Grown (Fresho)","Potato, Onion & Tomato",2.5,18,8,Fruits & Vegetables,Fresh Vegetables
P0030,Ginger - Organically Grown (Fresho),Organic Vegetables,9,9,37,Fruits & Vegetables,Herbs & Seasonings
P0032,Ginger - Organically Grown (Fresho),Organic Vegetables,5,12,4,Fruits & Vegetables,Herbs & Seasonings
P0033,Blue Detergent Bar (Wheel ),Organic Vegetables,5,28,16,Fruits & Vegetables,Organic Fruits & Vegetables
P0035,"Tomato - Hybrid, Organically Grown (Fresho)",Detergent Bars,3,17,12.5,Fruits & Vegetables,Organic Fruits & Vegetables
P0036,"Tomato - Hybrid, Organically Grown (Fresho)",Organic Vegetables,6,20,10,Cleaning & Household,Detergents & Dishwash
P0037,Crackers - Cheese & Sugar (Gery Gone Mad),Organic Vegetables,3.5,10.5,3.5,Fruits & Vegetables,Fresh Vegetables
P0038,Munch Crisp-Pop Chocolate Coated Crunchy Wafer (Nestle ),Crackers & Digestive,5,21.5,5,Fruits & Vegetables,Organic Fruits & Vegetables
P0039,Herbal Apple Massage Cream (Olivia),Chocolates,11.5,28,27,Gourmet & World Food,Chocolates & Biscuits
P0040,Milk Shakti Biscuits - With The Goodness Of Milk (Parle),Body Care,7,26.5,7,Snacks & Branded Foods,Chocolates & Candies
P0041,Roll Yo! Strawberry Swiss Roll (Britannia),Glucose & Milk Biscuits,5,28,16,Beauty & Hygiene,Skin Care
P0042,"Mint - Sugarfree, Fruity Flavour (Center Fresh)",Tea Cakes & Slice Cakes,1,16,10,Snacks & Branded Foods,Biscuits & Cookies
P0043,Tomato - Local (Fresho),"Toffee, Candy & Lollypop",3.5,23,32,"Bakery, Cakes & Dairy",Cakes & Pastries
P0044,Mint Leaves (Fresho),"Potato, Onion & Tomato",1,10,5,Snacks & Branded Foods,Chocolates & Candies
P0045,Fruit Salt - Lemon Flavor (Eno ),Leafy Vegetables,3,17,12.5,Fruits & Vegetables,Fresh Vegetables
P0046,Instant Popcorn - BBQ (4700BC),Everyday Medicine,1.7,11.1,9.6,Fruits & Vegetables,Fresh Vegetables
P0047,Instant Popcorn - Butter (4700BC),Gourmet Popcorn,5,28,16,Beauty & Hygiene,Health & Medicine
P0048,Instant Popcorn - Seven Spices (4700BC),Gourmet Popcorn,29.3,14.7,19.8,Gourmet & World Food,"Snacks, Dry Fruits, Nuts"
P0049,Instant Popcorn - Natural Healthy (4700BC),Gourmet Popcorn,2,40,10,Gourmet & World Food,"Snacks, Dry Fruits, Nuts"
P0050,Drinking Water With Added Minerals (Kinley),Gourmet Popcorn,6.9,6,6.9,Gourmet & World Food,"Snacks, Dry Fruits, Nuts"
P0051,50-50 Jeera Masti Biscuits (Britannia),Packaged Water,1.7,17.5,4.5,Gourmet & World Food,"Snacks, Dry Fruits, Nuts"
P0053,Puliogare Masala Powder (Eastern),Salted Biscuits,5,40,40,Beverages,Water
P0054,Secret Hot & Sour Instant Soup (Chings),Blended Masalas,8.5,14.6,8.5,Snacks & Branded Foods,Biscuits & Cookies
P0055,Instant Popcorn - Chilly Surprise (ACT II),Soups,2.3,18.5,13.5,"Foodgrains, Oil & Masala",Masalas & Spices
P0056,Salt/Uppu - Iodised (Aashirvaad),Chips & Corn Snacks,12,10,,Snacks & Branded Foods,Ready To Cook & Eat
P0057,Butter Milk - Spiced (Nandini),Salts,4,22,9,Snacks & Branded Foods,Snacks & Namkeen
P0058,Soap Bar - Care (Lifebuoy),Buttermilk & Lassi,3,21,8,"Foodgrains, Oil & Masala","Salt, Sugar & Jaggery"
P0059,Lime Bath Soap - 99.9% Germ Protection (Cinthol),Bathing Bars & Soaps,9.1,29.7,13.2,"Bakery, Cakes & Dairy",Dairy
P0060,Fresh Splash Water Lily & Cooling Mint Soap Bar (Lux),Bathing Bars & Soaps,7.5,20.5,5.4,Beauty & Hygiene,Bath & Hand Wash
P0061,Jasmine Bloom Soap Bar (Lux),Bathing Bars & Soaps,9.3,32,19.2,Beauty & Hygiene,Bath & Hand Wash
P0063,Biscuits - Monaco Salted Snack (Parle),Salted Biscuits,7.5,7.5,7.5,Beauty & Hygiene,Bath & Hand Wash
P0064,Biscuits - Googly (Bisk Farm),Salted Biscuits,7,10,7,Beauty & Hygiene,Bath & Hand Wash
P0065,Marie Light Oats Biscuits (Sunfeast),Cookies,8.5,33,32,Snacks & Branded Foods,Biscuits & Cookies
P0066,Marie Light Biscuits - Active (Sunfeast),"Marie, Health, Digestive",0.3,15.5,8.5,Snacks & Branded Foods,Biscuits & Cookies
P0067,Cheese Cracker (Mcvities),"Marie, Health, Digestive",5.4,20.5,7.5,Snacks & Branded Foods,Biscuits & Cookies
P0068,Bounce Biscuits - Pineapple Creme (Sunfeast),Salted Biscuits,13,9,13,Snacks & Branded Foods,Biscuits & Cookies
P0069,Veda Marie Light Biscuits (Sunfeast),Cream Biscuits & Wafers,3,12,8.5,Snacks & Branded Foods,Biscuits & Cookies
P0070,Thinz - Almond (Bisk Farm),"Marie, Health, Digestive",8.7,14,8.7,Snacks & Branded Foods,Biscuits & Cookies
P0071,Dream Cream - Choco Vanilla Cream Biscuit - Cookie (Sunfeast),"Marie, Health, Digestive",4.9,16.5,6.5,Snacks & Branded Foods,Biscuits & Cookies
P0072,Good Day Butter Cookies (Britannia),Cream Biscuits & Wafers,3,12,12,Snacks & Branded Foods,Biscuits & Cookies
P0073,Bounce Biscuits - Elaichi Creme (Sunfeast),Cookies,2,30,30,Snacks & Branded Foods,Biscuits & Cookies
P0074,Happy Happy Choco-Chip Cookies (Parle),Cream Biscuits & Wafers,9,6,9,Snacks & Branded Foods,Biscuits & Cookies
P0075,Top Spin Crackers (Parle),Cookies,6,26.7,26,Snacks & Branded Foods,Biscuits & Cookies
P0076,Biscuit - Nariyal (Patanjali),Salted Biscuits,2,10,2,Snacks & Branded Foods,Biscuits & Cookies
P0077,Butter Cookies (Amul),Cookies,3,23.5,17,Snacks & Branded Foods,Biscuits & Cookies
P0078,Chocos Crunchy Bites (Kelloggs),Cookies,7.5,11.5,7.5,Snacks & Branded Foods,Biscuits & Cookies
P0079,Chocos - Magic Hearts (Kelloggs),Kids Cereal,2,13,6,Snacks & Branded Foods,Biscuits & Cookies
P0080,Chocos Webs - Spiderman (Kelloggs),Kids Cereal,2,24,2,Snacks & Branded Foods,Biscuits & Cookies
P0082,"Breakfast Cereal - Chocolate Flavour, Small Pack (Nestle Koko Krunch)",Kids Cereal,3.4,17.6,8.1,Snacks & Branded Foods,Breakfast Cereals
P0083,Fiber Rich Choclaq (Zerobeli),Kids Cereal,2.2,7.7,10.6,Snacks & Branded Foods,Breakfast Cereals
P0084,Honey Almond Corn Flakes (Zerobeli),Flakes,4,14,12,Snacks & Branded Foods,Breakfast Cereals
P0085,Centre Filled Cup Cake - with Vanilla Cream (Winkies),Flakes,12,26,11,Snacks & Branded Foods,Breakfast Cereals
P0086,Strawberry Muffils (Britannia),Muffins & Cup Cakes,39,34,49,Snacks & Branded Foods,Breakfast Cereals
P0087,Centre Filled Chocolate Cake - with Vanilla Cream (Winkies),Tea Cakes & Slice Cakes,2,5.7,19,Snacks & Branded Foods,Breakfast Cereals
P0088,Cake NOVO Finger - Chocolate (Winkies),Tea Cakes & Slice Cakes,18,24,8,"Bakery, Cakes & Dairy",Cakes & Pastries
P0089,"Chocolate Roll - Swiss, Mini (Winkies)",Tea Cakes & Slice Cakes,2,15,8,"Bakery, Cakes & Dairy",Cakes & Pastries
P0090,Choco Muffills (Britannia),Tea Cakes & Slice Cakes,1,5,6,"Bakery, Cakes & Dairy",Cakes & Pastries
P0091,Roll Yo! Choco Swiss Roll (Britannia),Tea Cakes & Slice Cakes,2,27,21,"Bakery, Cakes & Dairy",Cakes & Pastries
P0092,Happy Happy Egg Cake - Vanilla (Parle),Tea Cakes & Slice Cakes,6,15,8,"Bakery, Cakes & Dairy",Cakes & Pastries
P0093,Spyroll (Bauli),Tea Cakes & Slice Cakes,7,18,7,"Bakery, Cakes & Dairy",Cakes & Pastries
P0094,Roll - Swiss Single (Dream Bake),Tea Cakes & Slice Cakes,3.8,14.3,3.8,"Bakery, Cakes & Dairy",Cakes & Pastries
P0095,Choco Layer Cake (Britannia),Tea Cakes & Slice Cakes,40,100,50,"Bakery, Cakes & Dairy",Cakes & Pastries
P0096,Gems - Sugar Coated Chocolate (Cadbury),Tea Cakes & Slice Cakes,3.4,14.5,4.4,"Bakery, Cakes & Dairy",Cakes & Pastries
P0097,Shots (Cadbury Dairy Milk),Chocolates,1,19.2,9,"Bakery, Cakes & Dairy",Cakes & Pastries
P0098,Chewing Gum - Peppermint (Doublemint),Chocolates,4,16,12.5,"Bakery, Cakes & Dairy",Cakes & Pastries
P0099,Xtra Peppermint Flavour - Chewing Gum Stick (Center Fresh),Mints & Chewing Gum,3,11.3,10,Snacks & Branded Foods,Chocolates & Candies
P0100,Chewing Gum Stick - Fruits Flavour (Center Fruit),Mints & Chewing Gum,2,27,21,Snacks & Branded Foods,Chocolates & Candies
P0101,Jellicious - Jelimals (Candyman),Mints & Chewing Gum,4.5,17.6,4.5,Snacks & Branded Foods,Chocolates & Candies
P0102,Breath Mint - The Mint With The Hole (Polo),"Toffee, Candy & Lollypop",7,27,40,Snacks & Branded Foods,Chocolates & Candies
P0103,White Chocolate Bar (Nestle ),"Toffee, Candy & Lollypop",9,30,9,Snacks & Branded Foods,Chocolates & Candies
P0104,Sunrise Coffee (Nescafe ),Chocolates,3,20,11,Snacks & Branded Foods,Chocolates & Candies
P0105,Traditional Filter Coffee Decoction (iD),Instant Coffee,11,13,16,Snacks & Branded Foods,Chocolates & Candies
P0108,"Coffee - Premix, Instant (Narasus)",Instant Coffee,10,25,32,Snacks & Branded Foods,Chocolates & Candies
P0109,"Brinjal - Varikatri, Organically Grown (Fresho)",Instant Coffee,7,18,11,Beverages,Coffee
P0110,Dill Leaves (Fresho),Organic Vegetables,6.2,16.8,6.2,Beverages,Coffee
P0111,Sugarcane (Fresho),Leafy Vegetables,7.8,9.5,9.4,Beverages,Coffee
P0112,Juice - Mango Refresh (Maaza),Seasonal Fruits,17.5,9.5,24,Fruits & Vegetables,Fresh Vegetables
P0113,Coriander Leaves (Fresho),Juices,2,17,6,Fruits & Vegetables,Fresh Vegetables
P0114,Lemon Grass (Fresho),Indian & Exotic Herbs,2,7.5,9,Fruits & Vegetables,Fresh Fruits
P0115,"Chikki, Peanut Bar (Paper Boat)",Indian & Exotic Herbs,3,14,5.5,Beverages,Fruit Juices & Drinks
P0116,Secret Schezwan Fried Rice Masala (Chings),Chikki & Gajjak,0.5,14,6,Fruits & Vegetables,Herbs & Seasonings
P0117,Paneer Chilli Masala (Ching'S Secret),Blended Masalas,5,10.8,5.6,Fruits & Vegetables,Herbs & Seasonings
P0118,Secret Veg Manchurian Masala (Chings),Blended Masalas,5,28,16,Snacks & Branded Foods,Indian Mithai
P0119,Masala - Lemon Rice Powder (MTR),Blended Masalas,15,15,15,"Foodgrains, Oil & Masala",Masalas & Spices
P0122,Masala - Tomato Rice Powder (MTR),Blended Masalas,5,28,16,"Foodgrains, Oil & Masala",Masalas & Spices
P0123,Secret Chowmein Hakka Noodles Masala (Chings),Blended Masalas,5.5,22.5,19,"Foodgrains, Oil & Masala",Masalas & Spices
P0124,Lime Bath Soap - 99.9% Germ Protection (Cinthol),Blended Masalas,17,24,17,"Foodgrains, Oil & Masala",Masalas & Spices
P0125,Utensil Scrubber - Green (Milton - Spotzero),Bathing Bars & Soaps,2,5,9,"Foodgrains, Oil & Masala",Masalas & Spices
P0126,Noodles - Fiery Chilli (Top Ramen ),"Utensil Scrub-Pad, Glove",4,16,5,"Foodgrains, Oil & Masala",Masalas & Spices
P0127,"Brinjal - Varikatri, Organically Grown (Fresho)",Instant Noodles,10,30,20,Beauty & Hygiene,Men's Grooming
P0128,Mint - Organically Grown (Fresho),Organic Vegetables,9,14,9,Cleaning & Household,"Mops, Brushes & Scrubs"
P0129,Kale (Fresho),Organic Vegetables,22.2,22.2,44.4,Snacks & Branded Foods,"Noodle, Pasta, Vermicelli"
P0130,Tulsi Leaves (Fresho),Organic Vegetables,2.5,17,13,Fruits & Vegetables,Organic Fruits & Vegetables
P0131,Pooja Agarbatti - Treya 3 in 1 (Mangaldeep),Organic Vegetables,1,12,11,Fruits & Vegetables,Organic Fruits & Vegetables
P0132,"Incense Sticks - Namo Paduka, Scented (GIRI)","Agarbatti, Incense Sticks",5,28,16,Fruits & Vegetables,Organic Fruits & Vegetables
P0133,Instant Sweet Corn Cup-A-Soup (Knorr),"Agarbatti, Incense Sticks",9,28,20,Fruits & Vegetables,Organic Fruits & Vegetables
P0134,Cup-A-Soup - Hot & Sour Veg (Knorr),Soups,6,30,10,Cleaning & Household,Pooja Needs
P0135,Instant Mixed Vegetable Cup-A-Soup (Knorr),Soups,3,15,55,Cleaning & Household,Pooja Needs
P0136,Namkeen - Aloo Bhujia (Haldirams ),Soups,3.3,25.9,8.5,Snacks & Branded Foods,Ready To Cook & Eat
P0137,Namkeen - Bhujia Sev (Haldirams ),Namkeen & Savoury Snacks,23.6,24.1,8.3,Snacks & Branded Foods,Ready To Cook & Eat
P0138,Namkeen - Tasty Nuts (Haldirams ),Namkeen & Savoury Snacks,5,47,28.5,Snacks & Branded Foods,Ready To Cook & Eat
P0139,Potato Chips - Calm Cream & Onion Flavour (Lays),Namkeen & Savoury Snacks,4,17,11,Snacks & Branded Foods,Snacks & Namkeen
P0140,Namkeen - Lite Chiwda (Haldirams ),Chips & Corn Snacks,2,27,21,Snacks & Branded Foods,Snacks & Namkeen
P0141,Namkeen - Mixture (Haldirams ),Namkeen & Savoury Snacks,6,20,12,Snacks & Branded Foods,Snacks & Namkeen
P0142,Nachos Cheese Tortilla Chips (Doritos),Namkeen & Savoury Snacks,7,12,12,Snacks & Branded Foods,Snacks & Namkeen
P0143,Namkeen - Lemon Bhel (Haldirams ),Chips & Corn Snacks,3,26,13,Snacks & Branded Foods,Snacks & Namkeen
P0144,Namkeen - Chilli Chatka (Kurkure),Namkeen & Savoury Snacks,4.5,21,14.3,Snacks & Branded Foods,Snacks & Namkeen
P0145,Namkeen - Madras Mixture (Townbus),Chips & Corn Snacks,4,12.5,4,Snacks & Branded Foods,Snacks & Namkeen
P0146,Namkeen - Ribbon Pakoda (Townbus),Namkeen & Savoury Snacks,3.6,3.5,20,Snacks & Branded Foods,Snacks & Namkeen
P0147,Namkeen - Green Chutney Rajasthani Style (Kurkure),Namkeen & Savoury Snacks,12.5,37,12.5,Snacks & Branded Foods,Snacks & Namkeen
P0148,Sweet Chilli Tortilla Chips (Doritos),Chips & Corn Snacks,6,7,12.2,Snacks & Branded Foods,Snacks & Namkeen
P0149,Namkeen - Corn Flakes Mixture (Townbus),Chips & Corn Snacks,1.8,5.5,16.3,Snacks & Branded Foods,Snacks & Namkeen
P0150,Mad Angles Chips - Tomato Madness (Bingo),Namkeen & Savoury Snacks,6,14,14,Snacks & Branded Foods,Snacks & Namkeen
P0151,Namkeen - Naughty Tomatoes (Kurkure),Chips & Corn Snacks,2,15,11.5,Snacks & Branded Foods,Snacks & Namkeen
P0152,Masala Balls Snacks (Cheetos),Chips & Corn Snacks,5,19,13,Snacks & Branded Foods,Snacks & Namkeen
P0154,Mad Angles Achari Masti (Bingo),Chips & Corn Snacks,3,20,12,Snacks & Branded Foods,Snacks & Namkeen
P0156,Instant Popcorn - Chilli Surprise (PIPO),Chips & Corn Snacks,5,20,8,Snacks & Branded Foods,Snacks & Namkeen
P0157,Instant Popcorn - Butter Lovers (PIPO),Chips & Corn Snacks,6,6,15,Snacks & Branded Foods,Snacks & Namkeen
P0158,Namkeen - Moong Dal (Haldirams ),Chips & Corn Snacks,15,8,2,Snacks & Branded Foods,Snacks & Namkeen
P0159,Hot & Sweet Chilli (Lays),Namkeen & Savoury Snacks,20,28,25,Snacks & Branded Foods,Snacks & Namkeen
P0160,Namkeen - Butter Murukku (Townbus),Chips & Corn Snacks,30,1,21,Snacks & Branded Foods,Snacks & Namkeen
P0161,Namkeen - Khara Boondi (Townbus),Namkeen & Savoury Snacks,7,6,7,Snacks & Branded Foods,Snacks & Namkeen
P0162,Mad Angles Cheese Nachos Chips (Bingo),Namkeen & Savoury Snacks,2,8.8,3.6,Snacks & Branded Foods,Snacks & Namkeen
P0163,Potato Crisps - Cream 'N' Onion (Parle),Chips & Corn Snacks,2,13,4,Snacks & Branded Foods,Snacks & Namkeen
P0164,"Gel Pen - Black, Octane (Classmate)",Chips & Corn Snacks,4.4,15.8,9,Snacks & Branded Foods,Snacks & Namkeen
P0165,Butter Gelpen - Blue (Cello),"Pen, Pencils",1,13,12,Snacks & Branded Foods,Snacks & Namkeen
P0166,Glare Mech Pencil (Nataraj),"Pen, Pencils",5,19,13,Snacks & Branded Foods,Snacks & Namkeen
P0167,Tru Mango (Amul),"Pen, Pencils",20,33.5,21.8,Snacks & Branded Foods,Snacks & Namkeen
P0169,Tru Litchi (Amul),"Flavoured, Soya Milk",8,19,12,Cleaning & Household,Stationery
P0170,Tru Orange (Amul),"Flavoured, Soya Milk",23.7,11.7,22.3,Cleaning & Household,Stationery
P0171,Tru Apple (Amul),"Flavoured, Soya Milk",4.5,17,4.5,Cleaning & Household,Stationery
P0172,Daily Fresh Dahi (Britannia),"Flavoured, Soya Milk",28,4.5,28,"Bakery, Cakes & Dairy",Dairy
P0173,Dishwash Bar (Pril),Curd,2,27,21,"Bakery, Cakes & Dairy",Dairy
P0174,Active - Detergent Cake Blue (Wheel ),Dishwash Bars & Powders,3,17,9,"Bakery, Cakes & Dairy",Dairy
P0175,Strawberry Drink (Ala Fresh),Detergent Bars,2,20,10,"Bakery, Cakes & Dairy",Dairy
P0177,Pineapple Drink (Ala Fresh),Gourmet Juices & Drinks,1,12,8,"Bakery, Cakes & Dairy",Dairy
P0178,Watermelon Drink (Ala Fresh),Gourmet Juices & Drinks,3.5,16.5,4.5,Cleaning & Household,Detergents & Dishwash
P0179,Orange Drink (Ala Fresh),Gourmet Juices & Drinks,7,14,12,Cleaning & Household,Detergents & Dishwash
P0180,Litchi Drink (Ala Fresh),Gourmet Juices & Drinks,22,59,29,Gourmet & World Food,Drinks & Beverages
P0181,Kiwi Drink (Ala Fresh),Gourmet Juices & Drinks,4.1,17.3,10.1,Gourmet & World Food,Drinks & Beverages
P0182,Apple Juice Based Drink (Appy Fizz),Gourmet Juices & Drinks,5,37,27,Gourmet & World Food,Drinks & Beverages
P0183,Mint - Organically Grown (Fresho),Cold Drinks,14.2,3.8,11,Gourmet & World Food,Drinks & Beverages
P0184,Lemon Grass (Fresho),Organic Vegetables,6,30,10,Gourmet & World Food,Drinks & Beverages
P0185,"Sanitary Napkin - Extra Long, Travel Pack (Niine)",Indian & Exotic Herbs,1,20,30,Gourmet & World Food,Drinks & Beverages
P0186,Cabbage (Fresho),Sanitary Napkins,8,16,8,Gourmet & World Food,Drinks & Beverages
P0187,Cucumber (Fresho),Cabbage & Cauliflower,9,25,19,Beverages,Energy & Soft Drinks
P0188,Colocasia (Fresho),Cucumber & Capsicum,10,30,25,Fruits & Vegetables,Exotic Fruits & Veggies
P0189,Betel Leaf (Fresho),Root Vegetables,4,14.7,11,Fruits & Vegetables,Exotic Fruits & Veggies
P0190,Colocasia - Organically Grown (Fresho),Leafy Vegetables,6,19,14,Beauty & Hygiene,Feminine Hygiene
P0192,Colocasia - Organically Grown (Fresho),Organic Vegetables,15,15,40,Fruits & Vegetables,Fresh Vegetables
P0193,Organic Garlic Powder - Dehydrated (bb Royal),Organic Vegetables,6,3,6,Fruits & Vegetables,Fresh Vegetables
P0194,Orange Chewy Dragees (Mentos),Organic Masalas & Spices,6,7,9,Fruits & Vegetables,Fresh Vegetables
P0195,Moonfils Orange (Bauli),"Toffee, Candy & Lollypop",6.5,7.5,12,Fruits & Vegetables,Fresh Vegetables
P0196,Beetroot (Fresho),"Croissants, Bagels",5,23,20,Fruits & Vegetables,Fresh Vegetables
P0197,Basale Leaf (Fresho),Root Vegetables,6,18,10,Fruits & Vegetables,Organic Fruits & Vegetables
P0198,Pain Relief Cream (Moov),Leafy Vegetables,1,16,3,"Foodgrains, Oil & Masala",Organic Staples
P0199,Yippee Magic Masala Noodles (Sunfeast),Everyday Medicine,15,24.9,9.3,Snacks & Branded Foods,Chocolates & Candies
P0200,1-2-3 Noodles - Chicken Flavour (Wai Wai),Instant Noodles,4,13.5,9,"Bakery, Cakes & Dairy",Gourmet Breads
P0201,1-2-3 Noodles - Veg Masala Flavour (Wai Wai),Instant Noodles,3,14.5,4.9,Fruits & Vegetables,Fresh Vegetables
P0202,"Capsicum - Green, Organically Grown (Fresho)",Instant Noodles,1,1,1,Fruits & Vegetables,Fresh Vegetables
P0203,Puja Wicks - Lingam Batti (Jaji),Organic Vegetables,1,1,1,Beauty & Hygiene,Health & Medicine
P0204,1-2-3 Noodles - Chicken Flavour (Wai Wai),Camphor & Wicks,1.6,24,7,Snacks & Branded Foods,"Noodle, Pasta, Vermicelli"
P0205,1-2-3 Noodles - Veg Masala Flavour (Wai Wai),Instant Noodles,4,17.5,10,Snacks & Branded Foods,"Noodle, Pasta, Vermicelli"
P0206,Khatta Meetha (Tasties),Instant Noodles,6,12,6,Snacks & Branded Foods,"Noodle, Pasta, Vermicelli"
P0208,Moong Dal (Tasties),Namkeen & Savoury Snacks,1,1,1,Fruits & Vegetables,Organic Fruits & Vegetables
P0209,Aloo Bhujia (Tasties),Namkeen & Savoury Snacks,6,30.4,20,Cleaning & Household,Pooja Needs
P0210,CUBE Detergent Bar 2 In 1 (Ok),Namkeen & Savoury Snacks,5.2,33.5,12,Snacks & Branded Foods,Snacks & Namkeen
P0211,"Capsicum - Green, Organically Grown (Fresho)",Detergent Bars,14,7.2,15.7,Snacks & Branded Foods,Snacks & Namkeen
P0212,Snake Gourd (Fresho),Organic Vegetables,6.5,12,18.5,Snacks & Branded Foods,Snacks & Namkeen
P0213,"Chilli - Green Long, Medium (Fresho)","Gourd, Pumpkin, Drumstick",1.5,24,7,Snacks & Branded Foods,Snacks & Namkeen
P0215,"Ultra-Fresh Fairness Face Wash With Milk, Licorice, Saffron (Olivia)",Face Care,3,12,10,Snacks & Branded Foods,Snacks & Namkeen
P0216,"Herbal Acne Repair Face Wash For Clear Skin With Neem, Tulsi, Aloe Vera (Olivia)",Face Care,1,1,1,Cleaning & Household,Detergents & Dishwash
P0217,Safal Steel Scrubber (Exo),Face Care,8,6,14,Fruits & Vegetables,Exotic Fruits & Veggies
P0218,Spring Onion (Fresho),"Utensil Scrub-Pad, Glove",7.5,15,13,Fruits & Vegetables,Fresh Vegetables
P0219,Coccinia - Organically Grown (Fresho),Leafy Vegetables,8.7,12.5,8.7,Fruits & Vegetables,Herbs & Seasonings
P0220,Drumstick - Organically Grown (Fresho),Organic Vegetables,5,17,13,Beauty & Hygiene,Skin Care
P0221,Neem Giloy (Amruta Balli) - Organically Grown (Fresho),Organic Vegetables,2.7,12,6,Beauty & Hygiene,Skin Care
P0222,Curry Leaves - Organically Grown (Fresho),Organic Vegetables,14.5,20.5,18,Beauty & Hygiene,Skin Care
P0223,Coccinia - Organically Grown (Fresho),Organic Vegetables,5.3,23.7,11.1,Cleaning & Household,"Mops, Brushes & Scrubs"
P0224,Drumstick - Organically Grown (Fresho),Organic Vegetables,13,19,15,Fruits & Vegetables,Fresh Vegetables
P0225,Neem Giloy (Amruta Balli) - Organically Grown (Fresho),Organic Vegetables,4,8,4,Fruits & Vegetables,Fresh Vegetables
P0226,Post It - 1.5 x 2 Inches (Oddy ),Organic Vegetables,6.5,7,6.5,Fruits & Vegetables,Fresh Vegetables
P0227,"Treat Croissant - Cocoa Creme Roll, 100% Veg (Britannia)","Scissor, Glue & Tape",2,27,21,Fruits & Vegetables,Herbs & Seasonings
P0228,"Treat Croissant - Vanilla Creme Roll, 100% Veg (Britannia)",Gourmet Bread,5,28,16,Fruits & Vegetables,Organic Fruits & Vegetables
P0229,"Treat Croissant - Cocoa Creme Roll, 100% Veg (Britannia)",Gourmet Bread,5.6,8.4,5.6,Fruits & Vegetables,Organic Fruits & Vegetables
P0230,"Treat Croissant - Vanilla Creme Roll, 100% Veg (Britannia)",Gourmet Bread,2,36,19.5,Fruits & Vegetables,Organic Fruits & Vegetables
P0231,Masala - Lemon Rice Powder (MTR),Gourmet Bread,3.7,18.9,7.7,Fruits & Vegetables,Organic Fruits & Vegetables
P0232,Masala - Tomato Rice Powder (MTR),Blended Masalas,2.3,17,7.3,Cleaning & Household,Stationery
P0233,Nacho Crisps - Tikka Masala (Cornitos),Blended Masalas,1,56,30,"Bakery, Cakes & Dairy",Cakes & Pastries
P0234,Nacho Crisps - Tomato Mexicana (Cornitos),Nachos & Chips,10.9,35.1,23.2,"Bakery, Cakes & Dairy",Cakes & Pastries
P0235,Nacho Crisps - Cheese & Herbs (Cornitos),Nachos & Chips,15,31.2,11.8,"Bakery, Cakes & Dairy",Gourmet Breads
P0237,Nacho Crisps - Barbeque (Cornitos),Nachos & Chips,24,77,2,"Bakery, Cakes & Dairy",Gourmet Breads
P0238,Chewy Candy Stick - Strawberry Flavour (Mentos),Nachos & Chips,6,20,6,"Foodgrains, Oil & Masala",Masalas & Spices
P0239,Chalk Cockroach Killer (HIT),Mints & Chewing Gum,4,18,14,"Foodgrains, Oil & Masala",Masalas & Spices
P0240,Capsicum - Green (Fresho),Insect Repellent,9.4,14,8,Gourmet & World Food,"Snacks, Dry Fruits, Nuts"
P0241,Beans - Cluster (Fresho),Cucumber & Capsicum,5,13.8,5,Gourmet & World Food,"Snacks, Dry Fruits, Nuts"
P0242,Brinjal - Varikatri (Fresho),"Beans, Brinjals & Okra",4.3,17.5,4.3,Gourmet & World Food,"Snacks, Dry Fruits, Nuts"
P0243,Tomato - Hybrid (Fresho),"Beans, Brinjals & Okra",1,1,1,Gourmet & World Food,"Snacks, Dry Fruits, Nuts"
P0245,Bitter Gourd - Organically Grown (Fresho),"Potato, Onion & Tomato",1.5,7.6,16.5,Snacks & Branded Foods,Chocolates & Candies
P0246,Lettuce - Green (Fresho),Organic Vegetables,1.6,21,14,Cleaning & Household,Fresheners & Repellents
P0247,Fresh Turmeric - Organically Grown (Fresho),Exotic Vegetables,5,28,15,Fruits & Vegetables,Fresh Vegetables
P0249,"Chilli - Bajji, Mild (Fresho)",Organic Vegetables,7.7,25.5,7.7,Fruits & Vegetables,Fresh Vegetables
P0250,Mustard/Sasive/Rai - Small (bb Popular),"Lemon, Ginger & Garlic",4,16.3,10.8,Fruits & Vegetables,Fresh Vegetables
P0251,Bitter Gourd - Organically Grown (Fresho),Whole Spices,8,18,13,Fruits & Vegetables,Fresh Vegetables
P0252,Fresh Turmeric - Organically Grown (Fresho),Organic Vegetables,2,14,7,Fruits & Vegetables,Fresh Vegetables
P0253,Salt/Uppu - Free Flow (Akar),Organic Vegetables,4,20,6,Fruits & Vegetables,Fresh Vegetables
P0254,Lettuce - Green (Fresho),Salts,3,5,17,Fruits & Vegetables,Herbs & Seasonings
P0255,Snake Gourd - Organically Grown (Fresho),Exotic Vegetables,6,9,7.5,Fruits & Vegetables,Herbs & Seasonings
P0256,Toothbrush - Junior (Patanjali),Organic Vegetables,5.8,21.1,5.8,"Foodgrains, Oil & Masala",Masalas & Spices
P0257,Aloe Vera Kanti - Body Cleanser Soap (Patanjali),Baby Oral Care,6,7,13,Fruits & Vegetables,Organic Fruits & Vegetables
P0258,Marie Light Biscuit - Vita Orange (Sunfeast),Shower Gel & Body Wash,6,19,13,Fruits & Vegetables,Organic Fruits & Vegetables
P0260,Platina - Nutricrunch Digestive Marie (Parle),Chocolates,4.5,16,8,"Foodgrains, Oil & Masala","Salt, Sugar & Jaggery"
P0261,NutriChoice Oats Cookies - Orange Almond (Britannia),"Marie, Health, Digestive",2,21.5,13.5,Fruits & Vegetables,Exotic Fruits & Veggies
P0263,NutriChoice Oats Cookies - Milk Almond (Britannia),"Marie, Health, Digestive",25,18,2,Fruits & Vegetables,Organic Fruits & Vegetables
P0264,Bun - Burger (English Oven),"Marie, Health, Digestive",4,4,15,Baby Care,Baby Bath & Hygiene
P0265,Masala Oats - Classic Masala (Saffola),"Buns, Pavs & Pizza Base",6.5,11.5,6.5,Beauty & Hygiene,Bath & Hand Wash
P0266,Masala Oats - Masala & Coriander (Saffola),Oats & Porridge,10,23,25.5,Snacks & Branded Foods,Biscuits & Cookies
P0267,Masala Oats - Peppy Tomato (Saffola),Oats & Porridge,15,5,25,Snacks & Branded Foods,Biscuits & Cookies
P0268,Masala Oats - Curry & Pepper (Saffola),Oats & Porridge,4.5,13,9,Snacks & Branded Foods,Biscuits & Cookies
P0269,Masala Oats - Pongal Surprise (Saffola),Oats & Porridge,6,23,18,Snacks & Branded Foods,Biscuits & Cookies
P0270,Moonfils - Vanilla (Bauli),Oats & Porridge,5,28,16,Snacks & Branded Foods,Biscuits & Cookies
P0271,Pineapple Cake (Britannia),Tea Cakes & Slice Cakes,24,1.5,38,"Bakery, Cakes & Dairy",Breads & Buns
P0272,Moonfils Veg - Choco (Bauli),Tea Cakes & Slice Cakes,7.4,19.5,12.9,Snacks & Branded Foods,Breakfast Cereals
P0274,Moonfils - Strawberry (Bauli),Tea Cakes & Slice Cakes,3.5,12,50,Snacks & Branded Foods,Breakfast Cereals
P0275,Gobbles Orange Bites Cake (Britannia),Tea Cakes & Slice Cakes,3,3,12,Snacks & Branded Foods,Breakfast Cereals
P0276,Milk Cake (Britannia),Tea Cakes & Slice Cakes,5,20.2,8,Snacks & Branded Foods,Breakfast Cereals
P0277,Moonfils Veg - Strawberry (Bauli),Tea Cakes & Slice Cakes,6.7,24,7.5,Snacks & Branded Foods,Breakfast Cereals
P0278,Kitkat 2 Fingers (Nestle ),Tea Cakes & Slice Cakes,1,1,1,"Bakery, Cakes & Dairy",Cakes & Pastries
P0279,Chewy Candy Stick - Mint Flavour (Mentos),Chocolates,5.2,15,7.3,"Bakery, Cakes & Dairy",Cakes & Pastries
P0280,Marigold Flower - Yellow (Fresho),"Toffee, Candy & Lollypop",6,19,13,"Bakery, Cakes & Dairy",Cakes & Pastries
P0281,Bottle Gourd (Fresho),Marigold,6,19,6,"Bakery, Cakes & Dairy",Cakes & Pastries
P0282,Ash Gourd - Cut (Fresho),"Gourd, Pumpkin, Drumstick",10,11,11,"Bakery, Cakes & Dairy",Cakes & Pastries
P0283,Baby Corn - Unpeeled (Fresho),Cut & Peeled Veggies,1.5,12,17,"Bakery, Cakes & Dairy",Cakes & Pastries
P0284,Drink - Fresh 'N' Juicy Mango (Frooti),Exotic Vegetables,5,28,11,"Bakery, Cakes & Dairy",Cakes & Pastries
P0285,Moonfils Choco Cream (Bauli),Juices,3.5,21,9,Snacks & Branded Foods,Chocolates & Candies
P0286,Comb - 5 Flat Pocket Derby No 58 (Ego of Paris),"Croissants, Bagels",4.5,13,9,Snacks & Branded Foods,Chocolates & Candies
P0287,Shanti - Badam Amla Hair Oil (Nihar),Tools & Accessories,7.3,10.6,7.3,Fruits & Vegetables,"Flower Bouquets, Bunches"
P0289,Comb - Derby Deluxe No 05 (Ego of Paris),Hair Oil & Serum,1,1,1,Fruits & Vegetables,Fresh Vegetables
P0290,Ginger (Fresho),Tools & Accessories,5,19,13,Fruits & Vegetables,Fresh Vegetables
P0291,Ready Masala - Hyderabadi Biryani (Kohinoor),"Lemon, Ginger & Garlic",5,28,16,Fruits & Vegetables,Fresh Vegetables
P0292,Ready Masala - Punjabi Paneer (Kohinoor),Blended Masalas,8.8,15.1,8.8,Beverages,Fruit Juices & Drinks
P0293,Ready Masala - Mumbai Pav Bhaji (Kohinoor),Blended Masalas,3,23.5,17,"Bakery, Cakes & Dairy",Gourmet Breads
P0294,Ready Masala - Dilli Choley (Kohinoor),Blended Masalas,9,31,9,Beauty & Hygiene,Hair Care
P0295,Ready Masala - Jammu Rajma (Kohinoor),Blended Masalas,5,28,16,Beauty & Hygiene,Hair Care
P0296,Ready Masala - Punjabi Butter Chicken (Kohinoor),Blended Masalas,3.5,3,14,Beauty & Hygiene,Hair Care
P0297,Instant Creamy Cup-a-Soup - Spinach (Keya),Blended Masalas,11.5,18,11.5,Fruits & Vegetables,Herbs & Seasonings
P0299,Anti Bacto Scrub (Exo),"Utensil Scrub-Pad, Glove",11,5,6,"Foodgrains, Oil & Masala",Masalas & Spices
P0300,Scrub Pad - Medium (Scrubit),"Utensil Scrub-Pad, Glove",11,27,19,"Foodgrains, Oil & Masala",Masalas & Spices
P0301,Noodles - Chicken (Top Ramen ),"Utensil Scrub-Pad, Glove",5,12,8,"Foodgrains, Oil & Masala",Masalas & Spices
P0302,Mogra Agarbatti (Arham),Instant Noodles,15,28,60,"Foodgrains, Oil & Masala",Masalas & Spices
P0303,Herbal Incense Sticks - Goudhooli (Gou Ganga),"Agarbatti, Incense Sticks",6,17,10,"Foodgrains, Oil & Masala",Masalas & Spices
P0304,Cup-A-Soup - Chicken Delite (Knorr),"Agarbatti, Incense Sticks",3.9,15.4,8.1,"Foodgrains, Oil & Masala",Masalas & Spices
P0305,Instant Creamy - Mushroom Soup (Keya),Soups,14,35,14,"Foodgrains, Oil & Masala",Masalas & Spices
P0309,Instant Cup-A-Soup - Creamy Chicken (Keya),Soups,30,31,42,Cleaning & Household,"Mops, Brushes & Scrubs"
P0310,Instant Creamy Cup-a-Soup - Tomato (Keya),Soups,5,15,10,Cleaning & Household,"Mops, Brushes & Scrubs"
P0311,Instant Cup-A-Soup - Hot & Sour Vegetable (Keya),Soups,1,20,30,Cleaning & Household,"Mops, Brushes & Scrubs"
P0312,Instant Soup - Creamy Mix Veg (Keya),Soups,6,10,8,Snacks & Branded Foods,"Noodle, Pasta, Vermicelli"
P0313,Instant Cup-A-Soup - Sweet Corn Vegetable (Keya),Soups,11.8,24.6,9.3,Cleaning & Household,Pooja Needs
P0314,Namak (Patanjali),Soups,3,18,10,Cleaning & Household,Pooja Needs
P0316,Masala Oats - Classic Masala (Saffola),Salts,1,1,1,Snacks & Branded Foods,Ready To Cook & Eat
P0317,Masala Oats - Masala & Coriander (Saffola),Oats & Porridge,3.1,19,8.8,Snacks & Branded Foods,Ready To Cook & Eat
P0318,Masala Oats - Peppy Tomato (Saffola),Oats & Porridge,3,14,10,Snacks & Branded Foods,Ready To Cook & Eat
P0319,Masala Oats - Curry & Pepper (Saffola),Oats & Porridge,7.5,21.1,4.3,Snacks & Branded Foods,Ready To Cook & Eat
P0321,Corn Rings - Masala Mania (Crax),Oats & Porridge,4.3,23.3,8.5,Snacks & Branded Foods,Ready To Cook & Eat
P0322,Fritts - Cream & Onion (Crax),Chips & Corn Snacks,59,88,59,Snacks & Branded Foods,Ready To Cook & Eat
P0323,Corn Rings - Tangy Tomato (Crax),Chips & Corn Snacks,6,32.5,23,Snacks & Branded Foods,Ready To Cook & Eat
P0324,Masala Oats - Pongal Surprise (Saffola),Chips & Corn Snacks,7.5,12.5,7.5,"Foodgrains, Oil & Masala","Salt, Sugar & Jaggery"
P0325,Flax Seeds (The Nibble Box),Oats & Porridge,6,18.5,11,Snacks & Branded Foods,Snacks & Namkeen
P0326,Fresh Tomato Ketchup (Kissan),Dry Fruits & Berries,3,18,10,Snacks & Branded Foods,Snacks & Namkeen
P0327,"Mechanical Pencil - Da Vinci Ii, 0.7mm (Classmate)",Tomato Ketchup & Sauces,2,4,13,Snacks & Branded Foods,Snacks & Namkeen
P0328,Ash Gourd - Cut (Fresho),"Pen, Pencils",2,7,11,Snacks & Branded Foods,Snacks & Namkeen
P0329,"Butter Milk - Uht, Spicy (Godrej Jersey)",Cut & Peeled Veggies,5,49.5,2.5,Snacks & Branded Foods,Snacks & Namkeen
P0330,Soya Chunks - Mini (Nutrela),Buttermilk & Lassi,5,10,5,Snacks & Branded Foods,Snacks & Namkeen
P0331,Soya Chunks (Nutrela),Cereals & Millets,40.6,37,36.5,Snacks & Branded Foods,Snacks & Namkeen
P0332,Filter Coffee (Lavazza),Cereals & Millets,6.9,13.2,6.9,Snacks & Branded Foods,Snacks & Namkeen
P0333,Baby Corn - Unpeeled (Fresho),Coffee & Pre-Mix,7.5,21,10.5,Gourmet & World Food,"Snacks, Dry Fruits, Nuts"
P0334,7 O Clock - Ready Ii Disposable Razor (Gillette),Exotic Vegetables,6,20,6,Snacks & Branded Foods,"Spreads, Sauces, Ketchup"
P0335,Sweet Potato (Fresho),Shaving Care,4.1,11,4.1,Cleaning & Household,Stationery
P0336,Gold Caramel Candy Stick (ALPENLIEBE),"Potato, Onion & Tomato",11,43,24,Fruits & Vegetables,Cuts & Sprouts
P0337,Classic Milk Chocolate Candy (Nestle ),"Toffee, Candy & Lollypop",17,40,30,"Bakery, Cakes & Dairy",Dairy
P0339,"Chocolate Bar - Bar One, Charge (Nestle )",Chocolates,12,16,11.8,"Foodgrains, Oil & Masala",Dals & Pulses
P0340,Lettuce - Romaine (Fresho),Chocolates,5,20,13,"Foodgrains, Oil & Masala",Dals & Pulses
P0341,Lettuce - Red (Fresho),Exotic Vegetables,8.5,29.1,5.8,Gourmet & World Food,Drinks & Beverages
P0342,Leeks (Fresho),Exotic Vegetables,4.5,14,15,Fruits & Vegetables,Exotic Fruits & Veggies
P0343,Raw Mango (Fresho),Exotic Vegetables,3,6,4,Beauty & Hygiene,Men's Grooming
P0345,Tasty Twist Dilli Chatpata Multi-Use Seasoning (Kohinoor),Herbs & Seasoning,7,23.6,8,Fruits & Vegetables,Fresh Vegetables
P0346,Tasty Twist Zingy Schezwan Multi-Use Seasoning (Kohinoor),Herbs & Seasoning,9,12,9,Snacks & Branded Foods,Chocolates & Candies
P0347,Tasty Twist Mumbai Chowpatty Multi-Use Seasoning (Kohinoor),Herbs & Seasoning,4,9,9,Snacks & Branded Foods,Chocolates & Candies
P0348,Tasty Twist Special Navratan Multi-Use Seasoning (Kohinoor),Herbs & Seasoning,7.4,15.3,12.9,Snacks & Branded Foods,Chocolates & Candies
P0350,Kumkum (GOPURAM),Herbs & Seasoning,2,15,10,Fruits & Vegetables,Fresh Vegetables
P0351,Winter Glow Face Cream (Glow & Lovely),Other Pooja Needs,1.8,11.2,9.5,Fruits & Vegetables,Fresh Vegetables
P0352,Water Plus (Tata ),Face Care,5,20,15,Fruits & Vegetables,Fresh Vegetables
P0353,Organic Spouts Horse Gram (Fresho),Packaged Water,4,22,7.5,Fruits & Vegetables,Fresh Fruits
P0354,Lettuce - Romaine (Fresho),Fresh Salads & Sprouts,5,28,16,"Foodgrains, Oil & Masala",Masalas & Spices
P0355,Lettuce - Red (Fresho),Exotic Vegetables,30,5,28,"Foodgrains, Oil & Masala",Masalas & Spices
P0356,Leeks (Fresho),Exotic Vegetables,2,6,10,"Foodgrains, Oil & Masala",Masalas & Spices
P0357,Turmeric Powder/Arisina Pudi (Eastern),Exotic Vegetables,1,1,1,"Foodgrains, Oil & Masala",Masalas & Spices
P0358,Celery (Fresho),Powdered Spices,10,10,10,"Foodgrains, Oil & Masala",Masalas & Spices
P0360,Celery (Fresho),Indian & Exotic Herbs,5,28,16,Cleaning & Household,Pooja Needs
P0361,Hommade - Imli Sauce (Saunth) (Dabur),Indian & Exotic Herbs,6,48,6,Beauty & Hygiene,Skin Care
P0362,Chow Chow (Fresho),Tomato Ketchup & Sauces,6,7,12.2,Beverages,Water
P0363,Tapioca (Fresho),"Gourd, Pumpkin, Drumstick",5,12,8,Fruits & Vegetables,Cuts & Sprouts
P0364,Black Mustard/Sasive/Rai - Big (bb Popular),Root Vegetables,4,4,12.5,Fruits & Vegetables,Exotic Fruits & Veggies
P0365,Toothbrush - Triple Clean Soft (Pepsodent),Whole Spices,8,14,40.5,Fruits & Vegetables,Exotic Fruits & Veggies
P0366,Triple Clean Toothbrush - Medium (Pepsodent),Toothbrush,6.8,8.5,7,Fruits & Vegetables,Exotic Fruits & Veggies
P0367,"Dog Treats - Real Chicken Biscuits, Chicken Flavour (Purepet)",Toothbrush,3,26.5,17,"Foodgrains, Oil & Masala",Masalas & Spices
P0368,"Dog Food - Chicken & Egg, Adult (Drools)",Pet Meals & Treats,2.5,11.5,11.5,Fruits & Vegetables,Herbs & Seasonings
P0369,Salt/Uppu - Crystal (Akar),Pet Meals & Treats,7,8,13,Fruits & Vegetables,Exotic Fruits & Veggies
P0370,Skin Lightening Natural Fruit Bleach (Olivia),Salts,2,21,11,Snacks & Branded Foods,"Spreads, Sauces, Ketchup"
P0371,Skin Lightening Shiner Bleach With Diamond Dust (Olivia),Face Care,6.2,16.8,6.2,Fruits & Vegetables,Fresh Vegetables
P0372,Skin Lightening Oxygen Bleach - Rich Fairness (Olivia),Face Care,2,7,2.5,Fruits & Vegetables,Fresh Vegetables
P0373,Mini Puffs - Cheese N Herbs (GoodDiet),Face Care,5,18,14,"Foodgrains, Oil & Masala",Masalas & Spices
P0374,Packaged Drinking Water (Bindu),"Healthy, Baked Snacks",27,26.5,25,Beauty & Hygiene,Oral Care
P0375,Anti Bacteria Fabric Stiffener - Instant Starch (Revive),Packaged Water,1,1,1,Beauty & Hygiene,Oral Care
P0376,Paste - Ginger Garlic (Eastern),"Detergent Powder, Liquid",2,13,8,"Kitchen, Garden & Pets",Pet Food & Accessories
P0377,Powder - Tomato Rice (Annapoorna),Cooking Pastes,2,27,21,"Kitchen, Garden & Pets",Pet Food & Accessories
P0379,Jeera Masala Flavoured Soda (Dhishoom),Blended Masalas,8,13,8,"Foodgrains, Oil & Masala","Salt, Sugar & Jaggery"
P0380,Digestive Biscuits - No Added Sugar (Mcvities),Cold Drinks,2.5,16.4,7,Beauty & Hygiene,Skin Care
P0381,Treat Stars - Creme & Milk Choco Duo Cream Biscuits (Britannia),Cookies,2,9,3,Beauty & Hygiene,Skin Care
P0382,Treat Stars - Creme & White Choco Duo Cream Biscuits (Britannia),Cream Biscuits & Wafers,3.2,13.7,12.7,Beauty & Hygiene,Skin Care
P0383,Masala Oats - Chinese (Saffola),Cream Biscuits & Wafers,24,8,18,Gourmet & World Food,"Snacks, Dry Fruits, Nuts"
P0384,Tapioca - Organically Grown (Fresho),Oats & Porridge,1,1,1,Beverages,Water
P0385,Pre Mixed Cubes - Rat Killer (HIT),Organic Vegetables,3.8,15.4,6.6,Cleaning & Household,Detergents & Dishwash
P0386,Green Chilly - Chopped (Fresho),Insect Repellent,9.2,16,6.5,"Foodgrains, Oil & Masala",Masalas & Spices
P0387,Chat Masala (bb Royal),Cut & Peeled Veggies,2,10,8,"Foodgrains, Oil & Masala",Masalas & Spices
P0388,Pani Puri Masala (bb Royal),Powdered Spices,1,20,30,Beverages,Energy & Soft Drinks
P0389,Sambar Masala (bb Royal),Powdered Spices,10.2,31.7,10.2,Snacks & Branded Foods,Biscuits & Cookies
P0390,Paneer Masala (bb Royal),Powdered Spices,4.5,17,4.5,Snacks & Branded Foods,Biscuits & Cookies
P0391,Powder - Chilli (Aashirvaad),Powdered Spices,6.8,22,14,Snacks & Branded Foods,Biscuits & Cookies
P0392,Fennel/Saunf/Sompu - Small (bb Popular),Powdered Spices,6,32.5,40.5,Snacks & Branded Foods,Breakfast Cereals
P0393,Extra Clean Toothbrush Medium (Colgate),Whole Spices,7,12,7,Fruits & Vegetables,Fresh Vegetables
P0394,Tapioca - Organically Grown (Fresho),Toothbrush,14,6,3,Cleaning & Household,Fresheners & Repellents
P0395,Instant Noodle - Special Chicken Flavour (Indomie),Organic Vegetables,14,23,13,Fruits & Vegetables,Herbs & Seasonings
P0396,Instant Noodle - Chicken Flavour (Indomie),Imported Noodles,3,7,3,"Foodgrains, Oil & Masala",Masalas & Spices
P0397,Candy - Kusari (Balaji foods),Imported Noodles,1,23,4,"Foodgrains, Oil & Masala",Masalas & Spices
P0398,Candy - Kusari (Kiara Foods),Other Pooja Needs,5,5,5,"Foodgrains, Oil & Masala",Masalas & Spices
P0399,Synthetic Food Colour Preparation Kesar Yellow (999),Other Pooja Needs,2.3,7.5,4,"Foodgrains, Oil & Masala",Masalas & Spices
P0400,Iodized (Tata Salt),Home Baking,2,27,21,"Foodgrains, Oil & Masala",Masalas & Spices
P0401,Iodised Crystal Salt/Uppu (Tata Salt),Salts,2,22,6,"Foodgrains, Oil & Masala",Masalas & Spices
P0402,Multigrain Chips - Tangy Tomato (Too Yumm!),Salts,2.8,7.3,7,Beauty & Hygiene,Oral Care
P0403,Veggie Stix - Chilly Chataka (Too Yumm!),Chips & Corn Snacks,1,5.1,9.2,Fruits & Vegetables,Organic Fruits & Vegetables
P0405,Groovy Chips - Spicy Tomato (Time Pass),Chips & Corn Snacks,5.2,20.4,10.2,Gourmet & World Food,"Pasta, Soup & Noodles"
P0406,Time Pass Chips - Minty Pudina (Time Pass),Namkeen & Savoury Snacks,4.5,4.5,31,Gourmet & World Food,"Pasta, Soup & Noodles"
P0407,Masala Oats - Chinese (Saffola),Namkeen & Savoury Snacks,5,28,16,Cleaning & Household,Pooja Needs
P0408,Green Chilly - Chopped (Fresho),Oats & Porridge,6.5,28.2,19,Cleaning & Household,Pooja Needs
P0409,Kool - Kesar (Amul),Cut & Peeled Veggies,3,14,6,Snacks & Branded Foods,Ready To Cook & Eat
P0410,Winkin Cow Classic Lassi (Britannia),"Flavoured, Soya Milk",16.5,1,8,"Foodgrains, Oil & Masala","Salt, Sugar & Jaggery"
P0411,New Born - 2 Diaper Pants (Pampers ),"Flavoured, Soya Milk",9.7,17.3,12.5,"Foodgrains, Oil & Masala","Salt, Sugar & Jaggery"
P0412,Soda - The Club (Bisleri ),Diapers,4,11.3,4,Snacks & Branded Foods,Snacks & Namkeen
P0413,Cauliflower (Fresho),Soda & Cocktail Mix,0,0,0,Snacks & Branded Foods,Snacks & Namkeen
P0414,Fenugreek/Methi/Menthya (bb Popular),Cabbage & Cauliflower,4.6,21.8,8.6,Snacks & Branded Foods,Snacks & Namkeen
P0415,Crystals - Citric Acid (Eagle),Whole Spices,23,17,1,Snacks & Branded Foods,Snacks & Namkeen
P0416,Pineapple Flavouring Agent (Bush),Home Baking,5,28,16,Snacks & Branded Foods,Snacks & Namkeen
P0417,Rose White Flavouring Agent (Bush),Home Baking,17,5,17,Fruits & Vegetables,Cuts & Sprouts
P0418,Farmlite Veda Digestive Biscuit (Sunfeast),Home Baking,3,16,8,"Bakery, Cakes & Dairy",Dairy
P0419,Cucumber - Organically Grown (Fresho),"Marie, Health, Digestive",8,15,13,"Bakery, Cakes & Dairy",Dairy
P0420,Mustard Leaves (Sarso Saag) (Fresho),Organic Vegetables,3,3,35,Baby Care,Diapers & Wipes
P0421,Snake gourd - Diced (Fresho),Leafy Vegetables,5,28,16,Beverages,Energy & Soft Drinks
P0422,Sugarcane - Diced (Fresho),Cut & Peeled Veggies,5,16,6,Fruits & Vegetables,Fresh Vegetables
P0424,Fruit Power - Masala Sugarcane (Real),"Cut Fruit, Tender Coconut",2,17,14,"Foodgrains, Oil & Masala",Masalas & Spices
P0425,Juice - Rose Lychee (B Natural),Juices,9.7,25,9.7,Snacks & Branded Foods,Ready To Cook & Eat
P0426,Juice - Pink Guava (B Natural),Juices,1.6,12,8,Snacks & Branded Foods,Ready To Cook & Eat
P0427,Juice - Orange (B Natural),Juices,8.5,24,9,Snacks & Branded Foods,Ready To Cook & Eat
P0428,Mustard/Sasive/Rai - Yellow (bb Royal),Juices,9.5,23.5,15.5,Snacks & Branded Foods,Biscuits & Cookies
P0429,Black Salt/Kala Namak - Whole (bb Royal),Whole Spices,8,15,12,Fruits & Vegetables,Fresh Vegetables
P0430,Ready Masala - Kashmiri Meat (Kohinoor),Whole Spices,10,10,15,Fruits & Vegetables,Fresh Vegetables
P0431,Kitchen Scrubber - Stainless Steel (Liao),Blended Masalas,5,21,11.3,Fruits & Vegetables,Fresh Vegetables
P0432,Vermicelli (Anil),"Utensil Scrub-Pad, Glove",13.6,7,14.4,Fruits & Vegetables,Fresh Fruits
P0433,Cucumber - Organically Grown (Fresho),Vermicelli,24,10,34,Fruits & Vegetables,Fresh Fruits
P0435,Birthday Candle - No. 5 (B Vishal),Organic Vegetables,1,4,10,Beverages,Fruit Juices & Drinks
P0436,Birthday Candle - No. 1 (B Vishal),"Caps, Balloons & Candles",5,25,15,Beverages,Fruit Juices & Drinks
P0437,Namkeen - Cornflakes Masala (Sln  ),"Caps, Balloons & Candles",9,23,13,Beverages,Fruit Juices & Drinks
P0438,Namkeen - Rice Kodubale (Sln  ),Namkeen & Savoury Snacks,1.5,14,10,Beverages,Fruit Juices & Drinks
P0439,"Crayons - Wax Colour, 75X8mm (Classmate)",Namkeen & Savoury Snacks,2.5,17,13,"Foodgrains, Oil & Masala",Masalas & Spices
P0440,Sugarcane - Diced (Fresho),Colours & Crayons,5,5,5,"Foodgrains, Oil & Masala",Masalas & Spices
P0441,"Pineapple - Chunks, Single Serve (Fresho)","Cut Fruit, Tender Coconut",6,11,6,"Foodgrains, Oil & Masala",Masalas & Spices
P0442,Snake gourd - Diced (Fresho),"Cut Fruit, Tender Coconut",7.1,16.4,7.1,Cleaning & Household,"Mops, Brushes & Scrubs"
P0443,Cucumber - English (Fresho),Cut & Peeled Veggies,2,22.5,9,Snacks & Branded Foods,"Noodle, Pasta, Vermicelli"
P0444,Bitter Gourd (Fresho),Cucumber & Capsicum,2,15,10,Fruits & Vegetables,Organic Fruits & Vegetables
P0445,Cucumber - English (Fresho),"Gourd, Pumpkin, Drumstick",8,25,20,Cleaning & Household,Party & Festive Needs
P0446,Hapima Crispy Fry Mix (Ajinomoto),Cucumber & Capsicum,7,24,10,Cleaning & Household,Party & Festive Needs
P0447,Prickly Heat Powder - Sandal (Dermi Cool),Rice & Other Flours,6.5,7,17.5,Snacks & Branded Foods,Snacks & Namkeen
P0448,Milk Bikis Milk Cream Biscuits (Britannia),Talcum Powder,2,19,14,Snacks & Branded Foods,Snacks & Namkeen
P0450,Good Day Butter Cookies (Britannia),Cream Biscuits & Wafers,3.3,8.6,3.3,Cleaning & Household,Stationery
P0451,Dream Cream - Strawberry Vanilla (Sunfeast),Cookies,2,15,8,Fruits & Vegetables,Cuts & Sprouts
P0452,Dream Cream - Choco Vanilla Biscuits (Sunfeast),Cream Biscuits & Wafers,8,6,26.5,Fruits & Vegetables,Cuts & Sprouts
P0453,Dream Cream Biscuits - Butterscotch Zing (Sunfeast),Cream Biscuits & Wafers,1,25,18,Fruits & Vegetables,Cuts & Sprouts
P0454,Fruit Bread (Britannia),Cream Biscuits & Wafers,4.5,18.5,14,Fruits & Vegetables,Fresh Vegetables
P0455,Bread - Fruit (English Oven),"Milk, White & Sandwich",2.1,19,14,Fruits & Vegetables,Fresh Vegetables
P0456,Corn Flakes (Kelloggs),"Milk, White & Sandwich",4,11,10,Fruits & Vegetables,Exotic Fruits & Veggies
P0457,Chocos Corn Flakes (Kelloggs),Flakes,5,28,16,"Foodgrains, Oil & Masala","Atta, Flours & Sooji"
P0458,"Snacks - Sticks, Carrot & Cumin, 2+ Years, 100% Natural & Healthy (Timios)",Kids Cereal,4,6.5,11,Beauty & Hygiene,Bath & Hand Wash
P0459,"Snacks - Rings, Tomato & Cheese, 2+ Years, 100% Natural & Healthy (Timios)",Chips & Corn Snacks,9.5,34.5,9.5,Snacks & Branded Foods,Biscuits & Cookies
P0460,"Snacks - Stars, Banana & Honey, 2+ Years, 100% Natural & Healthy (Timios)",Chips & Corn Snacks,5,28,16,Snacks & Branded Foods,Biscuits & Cookies
P0461,Yum Yum - Vanilla Cake (Milk Ma),Chips & Corn Snacks,7,20,13,Snacks & Branded Foods,Biscuits & Cookies
P0462,Yum Yum - Pineapple Cake (Milk Ma),Tea Cakes & Slice Cakes,5,8.5,5,Snacks & Branded Foods,Biscuits & Cookies
P0463,Yum Yum - Chocolate Cake (Milk Ma),Tea Cakes & Slice Cakes,5,28,16,Snacks & Branded Foods,Biscuits & Cookies
P0464,Millet Based Nutrition Bar - Classic (Ah!rogya Bar),Tea Cakes & Slice Cakes,2.3,20,10.5,"Bakery, Cakes & Dairy",Breads & Buns
P0466,Creamy Milky & Cocoa Chocolate With Extruded Rice (Kinder),Chocolates,4.5,7,7,"Bakery, Cakes & Dairy",Breads & Buns
P0467,Choco Deck - French Dessert Inspired Layered Bar (Fabelle),Chocolates,2.5,17,7,Snacks & Branded Foods,Breakfast Cereals
P0468,White Xylitol Sugarfree Spearmint Flavour Chewing Gum - Fliptop (Happydent ),Chocolates,5,42,12,Snacks & Branded Foods,Breakfast Cereals
P0469,Rusk - Original (Elite),Mints & Chewing Gum,3.8,21.6,35,Snacks & Branded Foods,Breakfast Cereals
P0470,Multigrain Biscuit (Chai Point),Rusks,7,18,19,Snacks & Branded Foods,Breakfast Cereals
P0471,Masala Biscuit (Chai Point),"Bakery Biscuits, Cookies",14,35,14,Snacks & Branded Foods,Breakfast Cereals
P0473,Amaranthus - Red (Fresho),"Bakery Biscuits, Cookies",5,5,5,"Bakery, Cakes & Dairy",Cakes & Pastries
P0474,Baby Potato (Fresho),Leafy Vegetables,5,5,5,"Bakery, Cakes & Dairy",Cakes & Pastries
P0475,Beetroot - Organically Grown (Fresho),Exotic Vegetables,4.5,16.7,9,"Bakery, Cakes & Dairy",Cakes & Pastries
P0476,Amaranthus - Green (Fresho),Organic Vegetables,22,10,32,Gourmet & World Food,Cereals & Breakfast
P0477,Gongura Leaves/Pulicha (Fresho),Leafy Vegetables,1,15,7,Snacks & Branded Foods,Chocolates & Candies
P0478,"Beans - Cluster, Organically Grown (Fresho)",Leafy Vegetables,3,17,12.5,Snacks & Branded Foods,Chocolates & Candies
P0480,Arai Keerai (Fresho),Organic Vegetables,5,15.2,9.9,Snacks & Branded Foods,Chocolates & Candies
P0481,Snake Gourd - Organically Grown (Fresho),Leafy Vegetables,5,24,16,Snacks & Branded Foods,Chocolates & Candies
P0483,Chalk Strong - For Cockroaches (Krazy Lines),Organic Vegetables,2,27,21,"Bakery, Cakes & Dairy","Cookies, Rusk & Khari"
P0484,Grapes - Bangalore Blue with Seed (Fresho),Insect Repellent,1,1,1,"Bakery, Cakes & Dairy","Cookies, Rusk & Khari"
P0485,Banana - Raw Green (Fresho),Seasonal Fruits,8.5,12,16,"Bakery, Cakes & Dairy","Cookies, Rusk & Khari"
P0486,Coconut - (For Kalash with Jatta) (Fresho),"Banana, Sapota & Papaya",6.5,7.5,12,Fruits & Vegetables,Fresh Vegetables
P0487,Soft Drink - With Real Lemon Juice (7 Up Nimbooz),Seasonal Fruits,5,28,16,Fruits & Vegetables,Fresh Vegetables
P0489,"Lychee Ras, Litchi Juice (Paper Boat)",Juices,3.3,13,16,Fruits & Vegetables,Fresh Vegetables
P0490,Fruit Power Juice - Mango (Real),Juices,7.1,6.6,7.1,Fruits & Vegetables,Fresh Vegetables
P0491,Aam Panna - Mango Drink (Paper Boat),Juices,25,10,12,Fruits & Vegetables,Fresh Vegetables
P0492,Amla Plus (Dabur),Juices,8,9,10,Fruits & Vegetables,Fresh Vegetables
P0493,Apple Juice Based Drink (Appy Fizz),Juices,4,45,12,Fruits & Vegetables,Fresh Vegetables
P0494,Juice - Mixed Fruit & Dry Fruits (B Natural),Juices,10,14,11,Fruits & Vegetables,Fresh Vegetables
P0495,Guava Delight Juice - Aseptic Pack (Tropicana),Juices,3,10,3,Fruits & Vegetables,Fresh Vegetables
P0496,Coconut Oil - 100 % Pure (Parachute ),Juices,20,12,20,Cleaning & Household,Fresheners & Repellents
P0497,Comb - Derby Deluxe No 02 (Ego of Paris),Hair Oil & Serum,4,11,21,Fruits & Vegetables,Fresh Fruits
P0498,Cough Drops - Ginger (Vicks),Tools & Accessories,20,35,24,Fruits & Vegetables,Fresh Fruits
P0499,Cough Drops - Menthol (Vicks),Everyday Medicine,2.5,5.8,15.5,Fruits & Vegetables,Fresh Fruits
P0500,Bay Leaf/Lavangada Ele (bb Royal),Everyday Medicine,8,23,8,Beverages,Fruit Juices & Drinks
P0501,Organic - Mustard/Sasive/Rai Yellow (bb Royal),Whole Spices,5.8,16.6,9,Beverages,Fruit Juices & Drinks
P0502,Veg Dum Biryani Masala (Keya),Organic Masalas & Spices,1.5,10,8.5,Beverages,Fruit Juices & Drinks
P0503,Awadhi Kadhai Veg Masala (Keya),Blended Masalas,2.7,23,4.5,Beverages,Fruit Juices & Drinks
P0504,Awadhi Kadhai Chicken Masala (Keya),Blended Masalas,4.5,16.7,9,Beverages,Fruit Juices & Drinks
P0505,Masala - Chilly Gobi (Annapoorna),Blended Masalas,1,14,14,Beverages,Fruit Juices & Drinks
P0506,Chakra Stainless Steel Scrub (Scotch brite),Blended Masalas,2.5,16.5,16.5,Beverages,Fruit Juices & Drinks
P0507,"Scrub Pad - Anti- Bacterial, Regular (Scotch brite)","Utensil Scrub-Pad, Glove",1,3.5,13.5,Beverages,Fruit Juices & Drinks
P0508,Scrub Pad - Regular Large (Good Home),"Utensil Scrub-Pad, Glove",1,25,7,Beauty & Hygiene,Hair Care
P0509,Fusian Hong Kong Spicy Garlic Noodles (MAGGI ),"Utensil Scrub-Pad, Glove",4.4,22,8.8,Beauty & Hygiene,Hair Care
P0510,Strong Garlic Instant Noodles (A&M),Instant Noodles,4.9,21.3,8.4,Beauty & Hygiene,Health & Medicine
P0511,Super Shine Soft Bristle Toothbrush (Colgate),Instant Noodles,3.5,4,26,Beauty & Hygiene,Health & Medicine
P0512,Super Shine Medium Bristle Toothbrush (Colgate),Toothbrush,5,26,10,"Foodgrains, Oil & Masala",Masalas & Spices
P0513,Toothbrush Fighter - Soft (Pepsodent),Toothbrush,5,35,5,"Foodgrains, Oil & Masala",Masalas & Spices
P0514,Tongue Scraper (Refresh Plus),Toothbrush,2,27,21,"Foodgrains, Oil & Masala",Masalas & Spices
P0515,Beetroot - Organically Grown (Fresho),Toothbrush,40,30,40,"Foodgrains, Oil & Masala",Masalas & Spices
P0516,Sweet Potato - Organically Grown (Fresho),Organic Vegetables,20,30,34,"Foodgrains, Oil & Masala",Masalas & Spices
P0517,"Beans - Cluster, Organically Grown (Fresho)",Organic Vegetables,5,28,16,"Foodgrains, Oil & Masala",Masalas & Spices
P0518,Cabbage - Organically Grown (Fresho),Organic Vegetables,2,19,10.5,Cleaning & Household,"Mops, Brushes & Scrubs"
P0519,Organic - Mustard/Sasive/Rai Yellow (bb Royal),Organic Vegetables,1,11,2.5,Cleaning & Household,"Mops, Brushes & Scrubs"
P0520,Fields Of Gold Organic Mustard/Sasive - Bold (PRISTINE),Organic Masalas & Spices,6.2,16.8,6.2,Cleaning & Household,"Mops, Brushes & Scrubs"
P0521,Surabhi Dhoop - Natural Perfume (Gou Ganga),Organic Masalas & Spices,5.5,5.5,31,Snacks & Branded Foods,"Noodle, Pasta, Vermicelli"
P0522,Dhoop Cone (Om sri Kar),Other Pooja Needs,16,16,27,Snacks & Branded Foods,"Noodle, Pasta, Vermicelli"
P0523,Powder - Viboothi (Murugesan),"Agarbatti, Incense Sticks",3,17,12,Beauty & Hygiene,Oral Care
P0524,Pooja Essential (Gomutra),Other Pooja Needs,2,25,9,Beauty & Hygiene,Oral Care
P0525,Agarbathi Natural Incense Sticks - Chandan Sandalwood (Gou Ganga),Other Pooja Needs,6,17,17,Beauty & Hygiene,Oral Care
P0526,Agarbathi - Velvet (Soft Touch),"Agarbatti, Incense Sticks",1,1,1,Beauty & Hygiene,Oral Care
P0527,Puja Wicks - Pulla Vathulu long Batti (Jaji),"Agarbatti, Incense Sticks",4.5,20,15.5,Fruits & Vegetables,Organic Fruits & Vegetables
P0528,Fragrance of Temple Gold Tradition (Mangaldeep),Camphor & Wicks,3,12,10,Fruits & Vegetables,Organic Fruits & Vegetables
P0529,Puja Flower Wicks - Puvvu Vathulu Batti (Jaji),"Agarbatti, Incense Sticks",2,16.5,9.5,Fruits & Vegetables,Organic Fruits & Vegetables
P0531,Agarbathi Natural Incense Sticks - Lavender (Gou Ganga),Camphor & Wicks,6,19,6,Fruits & Vegetables,Organic Fruits & Vegetables
P0532,Agarbathi - Natural Incense Sticks (Jasmine) (Gou Ganga),"Agarbatti, Incense Sticks",17,4,22,"Foodgrains, Oil & Masala",Organic Staples
P0533,"Snacks - Sticks, Carrot & Cumin, 2+ Years, 100% Natural & Healthy (Timios)","Agarbatti, Incense Sticks",6,6,15,"Foodgrains, Oil & Masala",Organic Staples
P0534,"Snacks - Rings, Tomato & Cheese, 2+ Years, 100% Natural & Healthy (Timios)",Chips & Corn Snacks,3,17,9,Cleaning & Household,Pooja Needs
P0535,Synthetic Food Colour Preparation Orange Red (999),Chips & Corn Snacks,5,28,16,Cleaning & Household,Pooja Needs
P0536,"Snacks - Stars, Banana & Honey, 2+ Years, 100% Natural & Healthy (Timios)",Home Baking,7,22,7,Cleaning & Household,Pooja Needs
P0537,Synthetic Food Colour Preparation Apple Green (999),Chips & Corn Snacks,4.4,18.6,7.5,Cleaning & Household,Pooja Needs
P0538,Synthetic Food Colour Preparation Lemon Yellow (999),Home Baking,24.5,6.3,31.9,Cleaning & Household,Pooja Needs
P0539,Masala Upma (MOM Meal of the Moment),Home Baking,6,22,23,Cleaning & Household,Pooja Needs
P0540,Khatta Meetha Poha (MOM),Heat & Eat Ready Meals,5,3,3,Cleaning & Household,Pooja Needs
P0541,Glucose - Liquid (Ask Foods),Heat & Eat Ready Meals,22,22,25,Cleaning & Household,Pooja Needs
P0543,Salt/Uppu - Proactive (Aashirvaad),Home Baking,5.5,12.5,12,Cleaning & Household,Pooja Needs
P0544,Black Salt/Uppu Powder (Grocery Farm),Salts,10,30,30,Cleaning & Household,Pooja Needs
P0545,Potato Chips - Simple Classic Salted (Lays),Salts,5,7,24,Cleaning & Household,Pooja Needs
P0546,Potato Chips - Spanish Tomato Tango (Lays),Chips & Corn Snacks,15.2,7.5,15.2,Snacks & Branded Foods,Ready To Cook & Eat
P0547,Namkeen - Masala Munch (Kurkure),Chips & Corn Snacks,5,10,5,Snacks & Branded Foods,Ready To Cook & Eat
P0548,"Snacks - Sticks, Carrot & Cumin, 2+ Years, 100% Natural & Healthy (Timios)",Chips & Corn Snacks,5,12,5,Snacks & Branded Foods,Ready To Cook & Eat
P0549,"Snacks - Rings, Tomato & Cheese, 2+ Years, 100% Natural & Healthy (Timios)",Chips & Corn Snacks,5.5,23.4,7.3,Snacks & Branded Foods,Ready To Cook & Eat
P0550,Mad Angles - Very Peri Peri (Bingo),Chips & Corn Snacks,1,1,1,Snacks & Branded Foods,Ready To Cook & Eat
P0551,"Snacks - Stars, Banana & Honey, 2+ Years, 100% Natural & Healthy (Timios)",Namkeen & Savoury Snacks,2,15,13,Snacks & Branded Foods,Ready To Cook & Eat
P0552,Potato Chips - Salted (Bingo),Chips & Corn Snacks,20,2,25,Snacks & Branded Foods,Ready To Cook & Eat
P0553,No Rulz Cheese Curlz Corn Puffs (Bingo),Chips & Corn Snacks,6,32.5,21.5,Snacks & Branded Foods,Ready To Cook & Eat
P0554,Tortilla Chips - Sweet Chili Flavour (Doritos),Chips & Corn Snacks,30,2,24,Snacks & Branded Foods,Ready To Cook & Eat
P0555,RTE BUTTER POPCORN PP (ACT II),Chips & Corn Snacks,5,17,12,"Foodgrains, Oil & Masala","Salt, Sugar & Jaggery"
P0556,Vitamin Enriched Khakhro - Peri Peri Africana (Befikar),Chips & Corn Snacks,6.6,15,6.6,"Foodgrains, Oil & Masala","Salt, Sugar & Jaggery"
P0557,Vitamin Enriched Khakhro - Cheesy Oregano (Befikar),Namkeen & Savoury Snacks,7,39,16,Snacks & Branded Foods,Snacks & Namkeen
P0559,Namkeen - Double Mazza (Crax),Namkeen & Savoury Snacks,13.4,31.1,13.4,Snacks & Branded Foods,Snacks & Namkeen
P0560,Namkeen - Nav Rattan (Crax),Namkeen & Savoury Snacks,3,25.5,15,Snacks & Branded Foods,Snacks & Namkeen
P0561,Namkeen - Aloo Bhujia (Crax),Namkeen & Savoury Snacks,1,1,1,Snacks & Branded Foods,Snacks & Namkeen
P0563,Namkeen - Khatta Mitha (Crax),Namkeen & Savoury Snacks,9,6.5,25.5,Snacks & Branded Foods,Snacks & Namkeen
P0564,Ragi Bites - Epic Masala (Soulfull),Namkeen & Savoury Snacks,1.5,9,12,Snacks & Branded Foods,Snacks & Namkeen
P0565,Namkeen - Moong Dal (Crax),Namkeen & Savoury Snacks,4.5,16,17,Snacks & Branded Foods,Snacks & Namkeen
P0566,Namkeen - Bikaneri Bhujia (Crax),Namkeen & Savoury Snacks,5,20,15,Snacks & Branded Foods,Snacks & Namkeen
P0567,Ragi Bites - Cra-azy Cheese (Soulfull),Namkeen & Savoury Snacks,4,2,6,Snacks & Branded Foods,Snacks & Namkeen
P0568,Naan Chips - Chatpata Pudina (Wingreens Farms),Namkeen & Savoury Snacks,5,20,30,Snacks & Branded Foods,Snacks & Namkeen
P0569,Watermelon Seeds (The Nibble Box),Nachos & Chips,5,25,15,Snacks & Branded Foods,Snacks & Namkeen
P0570,Mixed Fruit Jam (Kissan),Dry Fruits & Berries,2,11,3.5,Snacks & Branded Foods,Snacks & Namkeen
P0571,Secret Dark Soy Sauce (Chings),"Jam, Conserve, Marmalade",10,45,10,Snacks & Branded Foods,Snacks & Namkeen
P0572,Secret Green Chilli Sauce (Chings),Chilli & Soya Sauce,1,18.6,2,Snacks & Branded Foods,Snacks & Namkeen
P0574,Secret Red Chilli Sauce (Chings),Chilli & Soya Sauce,1.7,4.5,14.2,Snacks & Branded Foods,Snacks & Namkeen
P0575,Permanent Marker Pen - Blue (Camlin),Chilli & Soya Sauce,26,28,9,Snacks & Branded Foods,Snacks & Namkeen
P0576,Fevikwik One Drop Instant Adhesive (Pidilite),"Pen, Pencils",15,17.5,15,Snacks & Branded Foods,Snacks & Namkeen
P0577,Glue Stick Non Toxic - Small (Kores),"Scissor, Glue & Tape",8,47,28,Snacks & Branded Foods,Snacks & Namkeen
P0578,Lassi (Amul),"Scissor, Glue & Tape",4,14,4,Snacks & Branded Foods,Snacks & Namkeen
P0579,Kool - Badam (Amul),Buttermilk & Lassi,4.8,20.5,14.3,Snacks & Branded Foods,Snacks & Namkeen
P0580,Daily Fresh - Dahi (Britannia),"Flavoured, Soya Milk",4.5,21.8,4.5,Snacks & Branded Foods,Snacks & Namkeen
P0581,Kool - Elaichi (Amul),Curd,3.5,19,14.5,Gourmet & World Food,"Snacks, Dry Fruits, Nuts"
P0582,Lassi (Paper Boat),"Flavoured, Soya Milk",4.9,16.5,7,Gourmet & World Food,"Snacks, Dry Fruits, Nuts"
P0583,Rose Lassi (Cavins),Buttermilk & Lassi,2,9,9,Snacks & Branded Foods,"Spreads, Sauces, Ketchup"
P0584,Irish Drink Shot (Amul),Buttermilk & Lassi,10,17.5,11,Snacks & Branded Foods,"Spreads, Sauces, Ketchup"
P0585,Fruit Yoghurt - Blueberry (Milky Mist),"Flavoured, Soya Milk",4.6,19.9,12.9,Snacks & Branded Foods,"Spreads, Sauces, Ketchup"
P0587,Kool - Thandai Flavour (Amul),Yogurt & Shrikhand,5.7,8.8,9.1,Snacks & Branded Foods,"Spreads, Sauces, Ketchup"
P0588,Dishwash Liquid (Pril),"Flavoured, Soya Milk",10,40,30,Cleaning & Household,Stationery
P0589,Tamarind Dishwash Liquid (Pril),Dishwash Liquids & Pastes,7.5,21.1,4.3,Cleaning & Household,Stationery
P0590,Sparkling Water - Club Soda (Kinley),Dishwash Liquids & Pastes,2,17.5,3,Cleaning & Household,Stationery
P0591,Club Soda - Evervess (Lehar),Soda & Cocktail Mix,8.5,12,8.5,"Bakery, Cakes & Dairy",Dairy
P0592,Soft  Drink (Thums Up),Soda & Cocktail Mix,5,28,16,"Bakery, Cakes & Dairy",Dairy
P0593,Glucose D (Moti's),Cold Drinks,44,88,47,"Bakery, Cakes & Dairy",Dairy
P0594,Spyci  - Masala Maar Ke (Bisleri ),Sports & Energy Drinks,8,6,8,"Bakery, Cakes & Dairy",Dairy
P0595,Grapes - Bangalore Blue with Seed (Fresho),Cold Drinks,3.5,7,11,"Bakery, Cakes & Dairy",Dairy
P0596,Amaranthus - Red (Fresho),Seasonal Fruits,14,2,5,"Bakery, Cakes & Dairy",Dairy
P0597,Baby Potato (Fresho),Leafy Vegetables,4,10,4,"Bakery, Cakes & Dairy",Dairy
P0598,Sweet Potato - Organically Grown (Fresho),Exotic Vegetables,6.2,16.8,6.2,"Bakery, Cakes & Dairy",Dairy
P0599,Marie Biscuits (Parle),Organic Vegetables,2,17.5,10,"Bakery, Cakes & Dairy",Dairy
P0600,Hide & Seek Caffe Mocha Cookies (Parle),"Marie, Health, Digestive",3,10,7,Cleaning & Household,Detergents & Dishwash
P0601,Milano Choco Chip Cookies (Parle),Cookies,1,14,9.5,Cleaning & Household,Detergents & Dishwash
P0602,Gojju Magic Masala Powder (MTR),Cookies,4.5,16.7,4.5,Beverages,Energy & Soft Drinks
P0603,Wafers - Piri Piri (Parle),Blended Masalas,6,19,26,Beverages,Energy & Soft Drinks
P0604,Potato Crisps - Classic Salted (Parle),Chips & Corn Snacks,3.5,13,8.5,Beverages,Energy & Soft Drinks
P0605,Wafers - Aloo Chaat (Parle),Chips & Corn Snacks,0.1,14,9.5,Beverages,Energy & Soft Drinks
P0606,Milk Shake - Vanilla (Milky Mist),Chips & Corn Snacks,3,17,7,Beverages,Energy & Soft Drinks
P0607,Milk Shake - Chocolate (Milky Mist),"Flavoured, Soya Milk",8,12,12,Fruits & Vegetables,Exotic Fruits & Veggies
P0608,Milk Shake - Strawberry (Milky Mist),"Flavoured, Soya Milk",7.5,17.5,8.8,Fruits & Vegetables,Exotic Fruits & Veggies
P0609,Muskmelon -  Netted Small (Fresho),"Flavoured, Soya Milk",3,15,15,Fruits & Vegetables,Exotic Fruits & Veggies
P0610,Shikakai - Amla and Bhringraj (Godrej),"Kiwi, Melon, Citrus Fruit",5,20,30,Fruits & Vegetables,Exotic Fruits & Veggies
P0611,Sweet Corn - Chaat Masala (ACT II),Bathing Bars & Soaps,2,27,21,Snacks & Branded Foods,Biscuits & Cookies
P0613,Sandwich Biscuits Fab - Jam In Fruit Flavour (Parle),Chips & Corn Snacks,12,3,9,Snacks & Branded Foods,Biscuits & Cookies
P0614,Capsicum - Diced (Fresho),Cream Biscuits & Wafers,6.8,16.5,10,Snacks & Branded Foods,Biscuits & Cookies
P0615,Banana Flower (Fresho),Cut & Peeled Veggies,7,12.5,7,"Foodgrains, Oil & Masala",Masalas & Spices
P0616,Pav Bhaji Masala (bb Royal),"Banana, Sapota & Papaya",6,9.5,7.5,Snacks & Branded Foods,Snacks & Namkeen
P0617,Chicken Tandoori Masala (bb Royal),Powdered Spices,35,35,35,Snacks & Branded Foods,Snacks & Namkeen
P0618,Meat/Mutton Masala (bb Royal),Powdered Spices,4,14,14,Snacks & Branded Foods,Snacks & Namkeen
P0619,Chicken Masala (bb Royal),Powdered Spices,5,28,16,"Bakery, Cakes & Dairy",Dairy
P0620,Channa Masala (bb Royal),Powdered Spices,12,4,5,"Bakery, Cakes & Dairy",Dairy
P0621,Kitchen King Masala (bb Royal),Powdered Spices,100,160,100,"Bakery, Cakes & Dairy",Dairy
P0622,Jeera Kadu/Bitter Cumin (bb Royal),Powdered Spices,3,26.5,17,Fruits & Vegetables,Fresh Fruits
P0623,Powder - Tamarind Rice (Annapoorna),Whole Spices,8.2,8.2,8.2,Beauty & Hygiene,Bath & Hand Wash
P0625,Capsicum - Diced (Fresho),Blended Masalas,4,4,36.5,Snacks & Branded Foods,Snacks & Namkeen
P0626,Flavoured Milk - Pista (Nandini),Cut & Peeled Veggies,8,10,8,Snacks & Branded Foods,Biscuits & Cookies
P0627,3 Layer Gum - Sugarfreee Strawberry Flavour (Center Fresh),"Flavoured, Soya Milk",1,1,1,Fruits & Vegetables,Fresh Vegetables
P0628,3 Layer Gum - Sugarfreee Peppermint Flavour (Center Fresh),"Toffee, Candy & Lollypop",3,18,7,Fruits & Vegetables,Fresh Fruits
P0629,Methi/Menthya Dana - Whole (Catch),"Toffee, Candy & Lollypop",5.7,17.5,5.7,"Foodgrains, Oil & Masala",Masalas & Spices
P0631,Purepet Wet Cat Food - Real Tuna and Chicken Liver in Gravy (Purepet),Whole Spices,6,12,6,"Foodgrains, Oil & Masala",Masalas & Spices
P0632,Wet Dog Food - Chicken & Vegetable Chunks In Gravy (Purepet),Pet Meals & Treats,36.5,38,57,"Foodgrains, Oil & Masala",Masalas & Spices
P0633,Haldi Doodh Shot (Amul),Pet Meals & Treats,6,14,6,"Foodgrains, Oil & Masala",Masalas & Spices
P0634,Star Anise Doodh Shot (Amul),"Flavoured, Soya Milk",15,15,40,"Foodgrains, Oil & Masala",Masalas & Spices
P0635,Honey Doodh Shot (Amul),"Flavoured, Soya Milk",1,21,11,"Foodgrains, Oil & Masala",Masalas & Spices
P0636,"Namkeen - Chow Chow, Special (Sln  )","Flavoured, Soya Milk",5,5,21.5,"Foodgrains, Oil & Masala",Masalas & Spices
P0637,7 O Click - Permasharp Stainless Blade (Gillette),Namkeen & Savoury Snacks,5,25,9,"Foodgrains, Oil & Masala",Masalas & Spices
P0638,Powder - Sambar (Sakthi),Shaving Care,9,24,18,Fruits & Vegetables,Cuts & Sprouts
P0639,Drumstick/Moringa (Fresho),Blended Masalas,4.6,21.5,14.2,"Bakery, Cakes & Dairy",Dairy
P0640,Fruity Soap Enriched with Narural Lemon Extract (Harmony),"Gourd, Pumpkin, Drumstick",7,7,7,Snacks & Branded Foods,Chocolates & Candies
P0641,Fruity Soap Enriched with Narural Lime Extract (Harmony),Bathing Bars & Soaps,1,17,8,Snacks & Branded Foods,Chocolates & Candies
P0642,Bath Soap - Fruity Orange Flavour (Harmony),Bathing Bars & Soaps,7,7.5,20,"Foodgrains, Oil & Masala",Masalas & Spices
P0643,Honey Oats Cookies (Tasties),Bathing Bars & Soaps,2,18,12,"Foodgrains, Oil & Masala",Masalas & Spices
P0644,"Banana - Raw, Organically Grown (Fresho)",Cookies,62,89,57,"Kitchen, Garden & Pets",Pet Food & Accessories
P0645,Bottle Gourd - Organically Grown (Fresho),Organic Vegetables,4,38,38,"Kitchen, Garden & Pets",Pet Food & Accessories
P0646,Radish - Organically Grown (Fresho),Organic Vegetables,4.5,19,29.5,"Bakery, Cakes & Dairy",Dairy
P0647,"Brinjal - Green, Round (Fresho)",Organic Vegetables,5,19,13,"Bakery, Cakes & Dairy",Dairy
P0649,Ready to Cook - Potato French Fries (Fresho),"Beans, Brinjals & Okra",1,23,10,"Bakery, Cakes & Dairy",Dairy
P0651,Onion - Thin Sliced (Fresho),Cut & Peeled Veggies,5.9,24.5,6.4,Snacks & Branded Foods,Snacks & Namkeen
P0652,Tomato - Diced (Fresho),Cut & Peeled Veggies,15.5,5.4,6.5,Beauty & Hygiene,Men's Grooming
P0654,Masala - Fish Curry (Annapoorna),Cut & Peeled Veggies,6,18.5,11.5,"Foodgrains, Oil & Masala",Masalas & Spices
P0655,Instant Pasta - Tomato Salsa (Weikfield),Blended Masalas,26.3,45.7,29.3,Fruits & Vegetables,Fresh Vegetables
P0656,"Banana - Raw, Organically Grown (Fresho)",Instant Pasta,3,21,21,Beauty & Hygiene,Bath & Hand Wash
P0657,Bottle Gourd - Organically Grown (Fresho),Organic Vegetables,3,11.5,16.5,Beauty & Hygiene,Bath & Hand Wash
P0658,Radish - Organically Grown (Fresho),Organic Vegetables,13.5,20,21,Beauty & Hygiene,Bath & Hand Wash
P0659,Baking Powder (Weikfield),Organic Vegetables,5,18.5,9,Snacks & Branded Foods,Biscuits & Cookies
P0660,Sauce - Hot and Sweet Tomato Chilli (MAGGI ),Home Baking,6.5,7.5,13,Fruits & Vegetables,Fresh Vegetables
P0661,Binder Clip - 19mm (Ravi Agencies),Tomato Ketchup & Sauces,1,12,8.4,Fruits & Vegetables,Fresh Vegetables
P0662,Organic Sprouts Mixed Gram (Fresho),"Notebooks, Files, Folders",22,3.5,22,Fruits & Vegetables,Fresh Vegetables
P0663,Ready to Cook - Potato French Fries (Fresho),Fresh Salads & Sprouts,5.3,13.4,5.3,Fruits & Vegetables,Fresh Vegetables
P0664,Organic Sprouts Channa Brown (Fresho),Cut & Peeled Veggies,4,4,15,Fruits & Vegetables,Fresh Vegetables
P0665,Potato - Wedges (Fresho),Fresh Salads & Sprouts,6.5,13.6,6.5,Fruits & Vegetables,Fresh Vegetables
P0666,Onion - Thin Sliced (Fresho),Cut & Peeled Veggies,28,10.5,12,Fruits & Vegetables,Fresh Vegetables
P0667,Chutney Mix (Fresho),Cut & Peeled Veggies,2,12.4,7.7,"Foodgrains, Oil & Masala",Masalas & Spices
P0668,Tomato - Diced (Fresho),Recipe Packs,2,27,21,Snacks & Branded Foods,"Noodle, Pasta, Vermicelli"
P0669,Butterscotch Milkshake (Amul),Cut & Peeled Veggies,5,28,16,Fruits & Vegetables,Organic Fruits & Vegetables
P0670,Ginger Doodh Shot (Amul),"Flavoured, Soya Milk",3.8,15.5,3.8,Fruits & Vegetables,Organic Fruits & Vegetables
P0671,Tulsi Doodh Shot (Amul),"Flavoured, Soya Milk",7.4,10.8,7.4,Fruits & Vegetables,Organic Fruits & Vegetables
P0672,Potato - Wedges (Fresho),"Flavoured, Soya Milk",8,13,8,Snacks & Branded Foods,Ready To Cook & Eat
P0673,Sanitary Pads (Comfy Snug Fit),Cut & Peeled Veggies,8,18,10,Snacks & Branded Foods,"Spreads, Sauces, Ketchup"
P0674,Bake Rusk Toast (Britannia),Sanitary Napkins,12,10.5,8.2,Cleaning & Household,Stationery
P0675,Gulabari Premium Rose Water - Paraben Free Skin Toner (Dabur),Rusks,6.5,26,13,Fruits & Vegetables,Cuts & Sprouts
P0676,Hand Sanitizer (Godrej Protekt),Face Care,2,2,44.5,Fruits & Vegetables,Cuts & Sprouts
P0678,Wafers - Waffy (Vanilla Flavor) (Dukes),Hand Wash & Sanitizers,1.5,12,7.5,Fruits & Vegetables,Cuts & Sprouts
P0679,Cookies - Butter (Unibic),Cream Biscuits & Wafers,16,19.5,16,Fruits & Vegetables,Cuts & Sprouts
P0680,Wafers - Waffy (Strawberry Flavor) (Dukes),Cookies,9.5,20,14,Fruits & Vegetables,Cuts & Sprouts
P0681,Cookies - Choconut (Unibic),Cream Biscuits & Wafers,5.5,23.8,7.5,Fruits & Vegetables,Cuts & Sprouts
P0682,Wafers - Waffy (Orange Flavor) (Dukes),Cookies,5,16,5,Fruits & Vegetables,Cuts & Sprouts
P0683,Wafers - Waffy (Pineapple Flavor) (Dukes),Cream Biscuits & Wafers,1,29.5,21,"Bakery, Cakes & Dairy",Dairy
P0684,Treat Wafers - Chocolate (Britannia),Cream Biscuits & Wafers,15,55,32,"Bakery, Cakes & Dairy",Dairy
P0685,Treat Wafers - Strawberry (Britannia),Cream Biscuits & Wafers,3,26.5,17,"Bakery, Cakes & Dairy",Dairy
P0687,Waffy Cheese Flavor Wafer (Dukes),Cream Biscuits & Wafers,5,15.2,9.9,Fruits & Vegetables,Exotic Fruits & Veggies
P0688,Wafers - Waffy (Chocolate Flavor) (Dukes),Cream Biscuits & Wafers,1,23,7.5,Beauty & Hygiene,Feminine Hygiene
P0689,"Wafers - Waffy, Golden Cream (Dukes)",Cream Biscuits & Wafers,9.2,27.4,11.5,"Bakery, Cakes & Dairy","Cookies, Rusk & Khari"
P0690,Corn Flour (Puramate),Cream Biscuits & Wafers,9,5.5,9,Beauty & Hygiene,Skin Care
P0691,Hair Gel Super Hold (Vi-john),Flours & Pre-Mixes,1,20,30,Beauty & Hygiene,Bath & Hand Wash
P0692,Hair Gel Vertical Hold (Vi-john),Hair Care & Styling,3.5,4,11.5,Snacks & Branded Foods,Biscuits & Cookies
P0693,Hair Gel Cool Hold (Vi-john),Hair Care & Styling,6,33,10.5,Snacks & Branded Foods,Biscuits & Cookies
P0694,Hair Gel Regular Hold (Vi-john),Hair Care & Styling,11,16,16,Snacks & Branded Foods,Biscuits & Cookies
P0695,Subhmangal Semi Economy Box - FG00825 (Shalimar),Hair Care & Styling,2,10,20,Snacks & Branded Foods,Biscuits & Cookies
P0696,Microwave Popcorn - Butter (ACT II),"Agarbatti, Incense Sticks",4.6,10.3,4.8,Snacks & Branded Foods,Biscuits & Cookies
P0697,Sterilised Double Toned Flavored Milk - Strawberry (THIRUMALA),Chips & Corn Snacks,8,16,10,Snacks & Branded Foods,Biscuits & Cookies
P0698,Pineapple 100% Fruit Juice - No Added Sugar (Storia),"Flavoured, Soya Milk",11.1,11.1,11.1,Snacks & Branded Foods,Biscuits & Cookies
P0699,Green Mango 100% Fruit Juice - No Added Sugar (Storia),Juices,2,20,15,Snacks & Branded Foods,Biscuits & Cookies
P0700,Banana - Robusta (Fresho),Juices,40,100,50,Snacks & Branded Foods,Biscuits & Cookies
P0701,Masala 2 Minute Instant Noodles (MAGGI ),"Banana, Sapota & Papaya",4.5,18.5,8.5,Snacks & Branded Foods,Biscuits & Cookies
P0702,"Battery - Hyper, D, 1U, Hyper, Heavy Duty (Nippo)",Instant Noodles,4.5,7,7,Snacks & Branded Foods,Biscuits & Cookies
P0703,Brinjal - Bottle Shape (Fresho),Battery & Electrical,26,26,26,Gourmet & World Food,Cooking & Baking Needs
P0704,Sambhar Onion (Small Onion) (Fresho),"Beans, Brinjals & Okra",6,20,13,Beauty & Hygiene,Men's Grooming
P0705,Cabbage - Red (Fresho),"Potato, Onion & Tomato",4.6,23.3,8.6,Beauty & Hygiene,Men's Grooming
P0706,Coriander Leaves - Chopped (Fresho),Cabbage & Cauliflower,1,10,10,Beauty & Hygiene,Men's Grooming
P0707,Coccinia - Julienne (Fresho),Cut & Peeled Veggies,4.3,13.5,4.3,Beauty & Hygiene,Men's Grooming
P0708,Coccinia - Sliced (Fresho),Cut & Peeled Veggies,5,15,10,Cleaning & Household,Pooja Needs
P0709,Red Cabbage - Grated (Fresho),Cut & Peeled Veggies,6,21,11,Snacks & Branded Foods,Snacks & Namkeen
P0711,"Organic, Fennel /Saunf/Sompu Powder (bb Royal)",Fresh Salads & Sprouts,2.5,18,8,"Bakery, Cakes & Dairy",Dairy
P0712,Ready Mix - Chettinad Kara Kulambu (Annapoorna),Organic Masalas & Spices,3.7,4.5,16.7,Beverages,Fruit Juices & Drinks
P0713,Cheese Macaroni Pazzta (MAGGI ),Blended Masalas,5,16,7,Beverages,Fruit Juices & Drinks
P0714,"Organic, Fennel /Saunf/Sompu Powder (bb Royal)",Instant Pasta,15,15,8,Fruits & Vegetables,Fresh Fruits
P0715,"Hommade Tomato Puree -  Made From 100% Ripe Tomatoes, No Added Preservatives (Dabur)",Organic Masalas & Spices,7,13,7,Snacks & Branded Foods,"Noodle, Pasta, Vermicelli"
P0716,Baby Corn - Peeled (Fresho),Tomato Ketchup & Sauces,12.7,6.5,21,"Kitchen, Garden & Pets",Appliances & Electricals
P0718,Coriander Leaves - Chopped (Fresho),Cut & Peeled Veggies,5,18,10,Fruits & Vegetables,Fresh Vegetables
P0719,Coccinia - Julienne (Fresho),Cut & Peeled Veggies,6,17,6,Fruits & Vegetables,Fresh Vegetables
P0720,Coccinia - Sliced (Fresho),Cut & Peeled Veggies,47.8,80,47.8,Fruits & Vegetables,Fresh Vegetables
P0721,Red Cabbage - Grated (Fresho),Cut & Peeled Veggies,1.5,25,12.5,Fruits & Vegetables,Fresh Vegetables
P0722,Green Salad (Fresho),Cut & Peeled Veggies,5,7,5,Fruits & Vegetables,Fresh Vegetables
P0724,Accel Detergent Cake (Ponvandu),Fresh Salads & Sprouts,6,24,10,Fruits & Vegetables,Fresh Vegetables
P0726,Cabbage - Red (Fresho),Cut & Peeled Veggies,1,15,10,Fruits & Vegetables,Fresh Vegetables
P0728,Toned Milk (Nandini),Powdered Spices,3,4,4,Fruits & Vegetables,Fresh Vegetables
P0729,Masala - Fish Curry (Aachi),Milk,19,23,20,"Foodgrains, Oil & Masala",Masalas & Spices
P0730,Masala - Fish Fry (Aachi),Blended Masalas,4.8,21.2,8.9,"Foodgrains, Oil & Masala",Masalas & Spices
P0731,Corn Twist - Pizza (Makino),Blended Masalas,8,18,8,Snacks & Branded Foods,"Noodle, Pasta, Vermicelli"
P0732,Winkin' Cow Vanillicious Thick Milkshake (Britannia),"Healthy, Baked Snacks",4.5,18.2,4.5,"Foodgrains, Oil & Masala",Organic Staples
P0733,KitKat Chocolate Wafer Bar - 4 Fingers Pack (Nestle ),"Flavoured, Soya Milk",2,4,9,Snacks & Branded Foods,"Spreads, Sauces, Ketchup"
P0735,KitKat Chocolate Wafer Bar - 4 Fingers Pack (Nestle ),Chocolates,5,22.5,6.1,Fruits & Vegetables,Cuts & Sprouts
P0736,Organic Seeds - Black Mustard/Sasive (Organic Tattva),Chocolates,70,165,36,Fruits & Vegetables,Cuts & Sprouts
P0737,Organic Seeds - Brown Mustard/Sasive (Organic Tattva),Organic Masalas & Spices,2,25,9,Fruits & Vegetables,Cuts & Sprouts
P0738,Fevicol MR Angular Tip (Pidilite),Organic Masalas & Spices,3.5,8.5,3.5,Fruits & Vegetables,Cuts & Sprouts
P0739,Haldi Milk (mother dairy),"Scissor, Glue & Tape",8.5,9,8.5,Fruits & Vegetables,Cuts & Sprouts
P0740,Sterilised Double Toned Flavored Milk - Pista (THIRUMALA),"Flavoured, Soya Milk",1,20,10,Fruits & Vegetables,Cuts & Sprouts
P0741,Dark Fantasy - Choco Fills Biscuits - Cookies (Sunfeast),"Flavoured, Soya Milk",3.8,16.4,9.5,Cleaning & Household,Detergents & Dishwash
P0742,Coke Zero Soft Drink - No Sugar (Coca-Cola),Cream Biscuits & Wafers,6.4,7,6.4,Fruits & Vegetables,Exotic Fruits & Veggies
P0744,Bleaching Powder - Strong (Zermisol),Cold Drinks,2,7,7,Fruits & Vegetables,Exotic Fruits & Veggies
P0746,Haldi Chandan Soap (Jiva Ayurveda),Rice & Other Flours,1,1,1,"Foodgrains, Oil & Masala",Masalas & Spices
P0747,Pure Magic Deuce Vanilla Biscuits (Britannia),Bathing Bars & Soaps,23,23,33.3,"Bakery, Cakes & Dairy",Dairy
